"BUSINESS YEAR","STATE CODE","ISSUER NAME","ISSUER ID","SOURCE NAME","VERSION NUMBER","IMPORT DATE","BENEFIT PACKAGE ID","MARKET COVERAGE","DENTAL ONLY PLAN",TIN,"STANDARD COMPONENT ID","PLAN MARKETING NAME","HIOS PRODUCT ID",HPID,"NETWORK ID","SERVICE AREA ID","FORMULARY ID","IS IT A NEW PLAN","PLAN TYPE","METAL LEVEL","UNIQUE PLAN DESIGN","QHP NONQHP TYPE ID","IS NOTICE REQUIRED FOR PREGNACY","IS REFERRAL REQUIRED FOR SPECIALIST","SPECIALIST REQUIRING REFERRAL","PLAN LEVEL EXCLUSIONS","IS HSA ELIGIBLE","HSA OR HRA EMPLOYER CONTRIBUTION","HSA OR HRA EMPLOYER CONTRIBUTION AMOUNT","CHILD ONLY OFFERING","CHILD ONLY PLAN ID","WELLNESS PROGRAM OFFERED","DISEASE MANAGEMENT PROGRAMS OFFERED","EHB PEDIATRIC DENTAL APPORTIONMENT QUANTITY","IS GUARANTEED RATE?","SPECIALITY DRUG MAXIMUM COINSURANCE","INPATIENT COPAYMENT MAXIMUM DAYS","BEGIN PRIMARY CARE COST SHARING AFTER NUMBER OF VISITS","BEGIN PRIMARY CARE DEDUCTIBLE COINSURANCE AFTER NUMBER OF COPAYS","PLAN EFFECTIVE DATE","PLAN EXPIRATION DATE","OUT OF COUNTRY COVERAGE","OUT OF COUNTRY COVERAGE DESCRIPTION","OUT OF SERVICE AREA COVERAGE","OUT OF SERVICE AREA COVERAGE DESCRIPTION","NATIONAL NETWORK","URL FOR SUMMARY OF BENEFITS COVERAGE","URL FOR ENROLLMENT PAYMENT","PLAN BROCHURE","FORMULARY URL","PLAN ID","CSR VARIATION TYPE","ISSUER ACTUARIAL VALUE","AV CALCULATOR OUTPUT NUMBER","MEDICAL DRUG DEDUCTIBLES INTEGRATED","MEDICAL DRUG MAXIMUM OUT OF POCKET INTEGRATED","MULTIPLE NETWORK TIERS","FIRST TIER UTILIZATION","SECOND TIER UTILIZATION","MEHB INN TIER 1 INDIVIDUAL MOOP","MEHB INN TIER 1 FAMILY MOOP","MEHB INN TIER 2 INDIVIDUAL MOOP","MEHB INN TIER 2 FAMILY MOOP","MEHB OUT OF NET INDIVIDUAL MOOP","MEHB OUT OF NET FAMILY MOOP","MEHB COMB INN OON INDIVIDUAL MOOP","MEHB COMB INN OON FAMILY MOOP","DEHB INN TIER 1 INDIVIDUAL MOOP","DEHB INN TIER 2 INDIVIDUAL MOOP","DEHB INN TIER 1 FAMILY MOOP","DEHB INN TIER 2 FAMILY MOOP","DEHB OUT OF NET INDIVIDUAL MOOP","DEHB OUT OF NET FAMILY MOOP","DEHB COMB INN OON INDIVIDUAL MOOP","DEHB COMB INN OON FAMILY MOOP","TEHB INN TIER 1 INDIVIDUAL MOOP","TEHB INN TIER 1 FAMILY MOOP","TEHB INN TIER 2 INDIVIDUAL MOOP","TEHB INN TIER 2 FAMILY MOOP","TEHB OUT OF NET INDIVIDUAL MOOP","TEHB OUT OF NET FAMILY MOOP","TEHB COMB INN OON INDIVIDUAL MOOP","TEHB COMB INN OON FAMILY MOOP","MEHB DED INN TIER1 INDIVIDUAL","MEHB DED INN TIER1 FAMILY","MEHB DED INN TIER1 COINSURNACE","MEHB DED INN TIER2 INDIVIDUAL","MEHB DED INN TIER2 FAMILY","MEHB DED INN TIER2 COINSURANCE","MEHB DED OUT OF NET INDIVIDUAL","MEHB DED OUT OF NET FAMILY","MEHB DED COMB INN OON INDIVIDUAL","MEHB DED COMB INN OON FAMILY","DEHB DED INN TIER1 INDIVIDUAL","DEHB DED INN TIER1 FAMILY","DEHB DED INN TIER1 COINSURNACE","DEHB DED INN TIER2 INDIVIDUAL","DEHB DED INN TIER2 FAMILY","DEHB DED INN TIER2 COINSURANCE","DEHB DED OUT OF NET INDIVIDUAL","DEHB DED OUT OF NET FAMILY","DEHB DED COMB INN OON INDIVIDUAL","DEHB DED COMB INN OON FAMILY","TEHB DED INN TIER 1 INDIVIDUAL","TEHB DED INN TIER 1 FAMILY","TEHB DED INN TIER 1 COINSURANCE","TEHB DED INN TIER 2 INDIVIDUAL","TEHB DED INN TIER 2 FAMILY","TEHB DED INN TIER 2 COINSURANCE","TEHB DED OUT OF NET INDIVIDUAL","TEHB DED OUT OF NET FAMILY","TEHB DED OUT COMB INN OON INDIVIDUAL","TEHB DED OUT COMB INN OON FAMILY","SBC HAVING A BABY DEDUCTIBLE","SBC HAVING A BABY COPAYMENT","SBC HAVING A BABY COINSURANCE","SBC HAVING A BABY LIMIT","SBC HAVING DIABETES DEDUCTIBLE","SBC HAVING  DIABETES COPAYMENT","SBC HAVING DIABETES COINSURANCE","SBC HAVING DIABETES LIMIT","EHB PERCENT PREMIUM","PLAN DESIGN TYPE","INSURANCE PLAN COMPOSITE PREMIUM AVAILABLE INDICATOR","PLAN VARIANT MARKETING NAME","SBC HAVING SIMPLE FRACTURE DEDUCTIBLE","SBC HAVING SIMPLE FRACTURE COPAYMENT","SBC HAVING SIMPLE FRACTURE COINSURANCE","SBC HAVING SIMPLE FRACTURE LIMIT"
2025,NJ,,17970,SERFF,1,1/13/2025,,Individual,No,,17970NJ0010003,"Secure Silver with $0 Insulin Options + $0 Virtual 24/7 Care Visits",17970NJ001,,NJN001,NJS001,NJF001,Existing,EPO,Silver,Yes,Both,Yes,No,,,No,,,"Allows Adult and Child-Only",,No,"Pregnancy, Diabetes, Heart Disease, Asthma",,,,,,,1/1/2025,,No,,No,,No,,,,,17970NJ0010003-01,"Standard Silver On Exchange Plan",71.11%,,Yes,Yes,No,100%,,,,,,,,,,,,,,,,,,"$9,200 ","$9200 per person | $18400 per group",,,"Not Applicable","per person not applicable | per group not applicable","Not Applicable","per person not applicable | per group not applicable",,,,,,,,,,,,,,,,,,,,,"$2,500 ","$2500 per person | $5000 per group",40.00%,,,,"Not Applicable","per person not applicable | per group not applicable","Not Applicable","per person not applicable | per group not applicable","$2,500 ","$50 ","$3,900 ","$60 ","$2,500 ","$200 ","$1,000 ","$20 ",100%,"Not Applicable",No,"Secure Silver with $0 Insulin Options + $0 Virtual 24/7 Care Visits","$2,500 ","$0 ","$100 ","$0 "
2025,NJ,,17970,SERFF,1,1/13/2025,,Individual,No,,17970NJ0010003,"Secure Silver with $0 Insulin Options + $0 Virtual 24/7 Care Visits",17970NJ001,,NJN001,NJS001,NJF001,Existing,EPO,Silver,Yes,Both,Yes,No,,,No,,,"Allows Adult and Child-Only",,No,"Pregnancy, Diabetes, Heart Disease, Asthma",,,,,,,1/1/2025,,No,,No,,No,,,,,17970NJ0010003-02,"Zero Cost Sharing Plan Variation",100.00%,,Yes,Yes,No,100%,,,,,,,,,,,,,,,,,,"$0 ","$0 per person | $0 per group",,,"Not Applicable","per person not applicable | per group not applicable","Not Applicable","per person not applicable | per group not applicable",,,,,,,,,,,,,,,,,,,,,"$0 ","$0 per person | $0 per group",0.00%,,,,"Not Applicable","per person not applicable | per group not applicable","Not Applicable","per person not applicable | per group not applicable","$0 ","$0 ","$0 ","$0 ","$0 ","$0 ","$0 ","$0 ",100%,"Not Applicable",No,"Secure Silver with $0 Insulin Options + $0 Virtual 24/7 Care Visits","$0 ","$0 ","$0 ","$0 "
2025,NJ,,17970,SERFF,1,1/13/2025,,Individual,No,,17970NJ0010003,"Secure Silver with $0 Insulin Options + $0 Virtual 24/7 Care Visits",17970NJ001,,NJN001,NJS001,NJF001,Existing,EPO,Silver,Yes,Both,Yes,No,,,No,,,"Allows Adult and Child-Only",,No,"Pregnancy, Diabetes, Heart Disease, Asthma",,,,,,,1/1/2025,,No,,No,,No,,,,,17970NJ0010003-03,"Limited Cost Sharing Plan Variation",71.11%,,Yes,Yes,No,100%,,,,,,,,,,,,,,,,,,"$9,200 ","$9200 per person | $18400 per group",,,"Not Applicable","per person not applicable | per group not applicable","Not Applicable","per person not applicable | per group not applicable",,,,,,,,,,,,,,,,,,,,,"$2,500 ","$2500 per person | $5000 per group",40.00%,,,,"Not Applicable","per person not applicable | per group not applicable","Not Applicable","per person not applicable | per group not applicable","$0 ","$0 ","$0 ","$0 ","$0 ","$0 ","$0 ","$0 ",100%,"Not Applicable",No,"Secure Silver with $0 Insulin Options + $0 Virtual 24/7 Care Visits","$0 ","$0 ","$0 ","$0 "
2025,NJ,,17970,SERFF,1,1/13/2025,,Individual,No,,17970NJ0010003,"Secure Silver with $0 Insulin Options + $0 Virtual 24/7 Care Visits",17970NJ001,,NJN001,NJS001,NJF001,Existing,EPO,Silver,Yes,Both,Yes,No,,,No,,,"Allows Adult and Child-Only",,No,"Pregnancy, Diabetes, Heart Disease, Asthma",,,,,,,1/1/2025,,No,,No,,No,,,,,17970NJ0010003-04,"73% AV Level Silver Plan",73.58%,,Yes,Yes,No,100%,,,,,,,,,,,,,,,,,,"$7,350 ","$7350 per person | $14700 per group",,,"Not Applicable","per person not applicable | per group not applicable","Not Applicable","per person not applicable | per group not applicable",,,,,,,,,,,,,,,,,,,,,"$2,400 ","$2400 per person | $4800 per group",35.00%,,,,"Not Applicable","per person not applicable | per group not applicable","Not Applicable","per person not applicable | per group not applicable","$2,400 ","$50 ","$3,400 ","$60 ","$2,400 ","$200 ","$700 ","$20 ",100%,"Not Applicable",No,"Secure Silver with $0 Insulin Options + $0 Virtual 24/7 Care Visits","$2,400 ","$0 ","$100 ","$0 "
2025,NJ,,17970,SERFF,1,1/13/2025,,Individual,No,,17970NJ0010003,"Secure Silver with $0 Insulin Options + $0 Virtual 24/7 Care Visits",17970NJ001,,NJN001,NJS001,NJF001,Existing,EPO,Silver,Yes,Both,Yes,No,,,No,,,"Allows Adult and Child-Only",,No,"Pregnancy, Diabetes, Heart Disease, Asthma",,,,,,,1/1/2025,,No,,No,,No,,,,,17970NJ0010003-05,"87% AV Level Silver Plan",87.71%,,Yes,Yes,No,100%,,,,,,,,,,,,,,,,,,"$3,000 ","$3000 per person | $6000 per group",,,"Not Applicable","per person not applicable | per group not applicable","Not Applicable","per person not applicable | per group not applicable",,,,,,,,,,,,,,,,,,,,,"$900 ","$900 per person | $1800 per group",15.00%,,,,"Not Applicable","per person not applicable | per group not applicable","Not Applicable","per person not applicable | per group not applicable","$900 ","$30 ","$1,500 ","$60 ","$900 ","$200 ","$600 ","$20 ",100%,"Not Applicable",No,"Secure Silver with $0 Insulin Options + $0 Virtual 24/7 Care Visits","$900 ","$0 ","$300 ","$0 "
2025,NJ,,17970,SERFF,1,1/13/2025,,Individual,No,,17970NJ0010003,"Secure Silver with $0 Insulin Options + $0 Virtual 24/7 Care Visits",17970NJ001,,NJN001,NJS001,NJF001,Existing,EPO,Silver,Yes,Both,Yes,No,,,No,,,"Allows Adult and Child-Only",,No,"Pregnancy, Diabetes, Heart Disease, Asthma",,,,,,,1/1/2025,,No,,No,,No,,,,,17970NJ0010003-06,"94% AV Level Silver Plan",94.56%,,Yes,Yes,No,100%,,,,,,,,,,,,,,,,,,"$1,900 ","$1900 per person | $3800 per group",,,"Not Applicable","per person not applicable | per group not applicable","Not Applicable","per person not applicable | per group not applicable",,,,,,,,,,,,,,,,,,,,,"$150 ","$150 per person | $300 per group",10.00%,,,,"Not Applicable","per person not applicable | per group not applicable","Not Applicable","per person not applicable | per group not applicable","$150 ","$20 ","$1,000 ","$60 ","$150 ","$100 ","$500 ","$20 ",100%,"Not Applicable",No,"Secure Silver with $0 Insulin Options + $0 Virtual 24/7 Care Visits","$150 ","$0 ","$300 ","$0 "
2025,NJ,,17970,SERFF,1,1/13/2025,,Individual,No,,17970NJ0010006,"Premium Silver + $0 Virtual 24/7 Care Visits",17970NJ001,,NJN001,NJS001,NJF002,Existing,EPO,Silver,Yes,Both,Yes,No,,,No,,,"Allows Adult and Child-Only",,No,"Pregnancy, Diabetes, Heart Disease, Asthma",,,,,,,1/1/2025,,No,,No,,No,,,,,17970NJ0010006-01,"Standard Silver On Exchange Plan",70.46%,,Yes,Yes,No,100%,,,,,,,,,,,,,,,,,,"$8,700 ","$8700 per person | $17400 per group",,,"Not Applicable","per person not applicable | per group not applicable","Not Applicable","per person not applicable | per group not applicable",,,,,,,,,,,,,,,,,,,,,"$2,500 ","$2500 per person | $5000 per group",50.00%,,,,"Not Applicable","per person not applicable | per group not applicable","Not Applicable","per person not applicable | per group not applicable","$2,500 ","$500 ","$3,000 ","$60 ","$2,500 ","$600 ","$600 ","$20 ",100%,"Not Applicable",No,"Premium Silver + $0 Virtual 24/7 Care Visits","$2,000 ","$600 ","$0 ","$0 "
2025,NJ,,17970,SERFF,1,1/13/2025,,Individual,No,,17970NJ0010006,"Premium Silver + $0 Virtual 24/7 Care Visits",17970NJ001,,NJN001,NJS001,NJF002,Existing,EPO,Silver,Yes,Both,Yes,No,,,No,,,"Allows Adult and Child-Only",,No,"Pregnancy, Diabetes, Heart Disease, Asthma",,,,,,,1/1/2025,,No,,No,,No,,,,,17970NJ0010006-02,"Zero Cost Sharing Plan Variation",100.00%,,Yes,Yes,No,100%,,,,,,,,,,,,,,,,,,"$0 ","$0 per person | $0 per group",,,"Not Applicable","per person not applicable | per group not applicable","Not Applicable","per person not applicable | per group not applicable",,,,,,,,,,,,,,,,,,,,,"$0 ","$0 per person | $0 per group",0.00%,,,,"Not Applicable","per person not applicable | per group not applicable","Not Applicable","per person not applicable | per group not applicable","$0 ","$0 ","$0 ","$0 ","$0 ","$0 ","$0 ","$0 ",100%,"Not Applicable",No,"Premium Silver + $0 Virtual 24/7 Care Visits","$0 ","$0 ","$0 ","$0 "
2025,NJ,,17970,SERFF,1,1/13/2025,,Individual,No,,17970NJ0010006,"Premium Silver + $0 Virtual 24/7 Care Visits",17970NJ001,,NJN001,NJS001,NJF002,Existing,EPO,Silver,Yes,Both,Yes,No,,,No,,,"Allows Adult and Child-Only",,No,"Pregnancy, Diabetes, Heart Disease, Asthma",,,,,,,1/1/2025,,No,,No,,No,,,,,17970NJ0010006-03,"Limited Cost Sharing Plan Variation",70.46%,,Yes,Yes,No,100%,,,,,,,,,,,,,,,,,,"$8,700 ","$8700 per person | $17400 per group",,,"Not Applicable","per person not applicable | per group not applicable","Not Applicable","per person not applicable | per group not applicable",,,,,,,,,,,,,,,,,,,,,"$2,500 ","$2500 per person | $5000 per group",50.00%,,,,"Not Applicable","per person not applicable | per group not applicable","Not Applicable","per person not applicable | per group not applicable","$0 ","$0 ","$0 ","$0 ","$0 ","$0 ","$0 ","$0 ",100%,"Not Applicable",No,"Premium Silver + $0 Virtual 24/7 Care Visits","$0 ","$0 ","$0 ","$0 "
2025,NJ,,17970,SERFF,1,1/13/2025,,Individual,No,,17970NJ0010006,"Premium Silver + $0 Virtual 24/7 Care Visits",17970NJ001,,NJN001,NJS001,NJF002,Existing,EPO,Silver,Yes,Both,Yes,No,,,No,,,"Allows Adult and Child-Only",,No,"Pregnancy, Diabetes, Heart Disease, Asthma",,,,,,,1/1/2025,,No,,No,,No,,,,,17970NJ0010006-04,"73% AV Level Silver Plan",73.25%,,Yes,Yes,No,100%,,,,,,,,,,,,,,,,,,"$6,850 ","$6850 per person | $13700 per group",,,"Not Applicable","per person not applicable | per group not applicable","Not Applicable","per person not applicable | per group not applicable",,,,,,,,,,,,,,,,,,,,,"$2,250 ","$2250 per person | $4500 per group",40.00%,,,,"Not Applicable","per person not applicable | per group not applicable","Not Applicable","per person not applicable | per group not applicable","$2,250 ","$500 ","$2,500 ","$60 ","$2,250 ","$600 ","$700 ","$20 ",100%,"Not Applicable",No,"Premium Silver + $0 Virtual 24/7 Care Visits","$2,000 ","$600 ","$0 ","$0 "
2025,NJ,,17970,SERFF,1,1/13/2025,,Individual,No,,17970NJ0010006,"Premium Silver + $0 Virtual 24/7 Care Visits",17970NJ001,,NJN001,NJS001,NJF002,Existing,EPO,Silver,Yes,Both,Yes,No,,,No,,,"Allows Adult and Child-Only",,No,"Pregnancy, Diabetes, Heart Disease, Asthma",,,,,,,1/1/2025,,No,,No,,No,,,,,17970NJ0010006-05,"87% AV Level Silver Plan",87.08%,,Yes,Yes,No,100%,,,,,,,,,,,,,,,,,,"$3,050 ","$3050 per person | $6100 per group",,,"Not Applicable","per person not applicable | per group not applicable","Not Applicable","per person not applicable | per group not applicable",,,,,,,,,,,,,,,,,,,,,"$700 ","$700 per person | $1400 per group",20.00%,,,,"Not Applicable","per person not applicable | per group not applicable","Not Applicable","per person not applicable | per group not applicable","$700 ","$400 ","$1,600 ","$60 ","$700 ","$400 ","$600 ","$20 ",100%,"Not Applicable",No,"Premium Silver + $0 Virtual 24/7 Care Visits","$700 ","$200 ","$300 ","$0 "
2025,NJ,,17970,SERFF,1,1/13/2025,,Individual,No,,17970NJ0010006,"Premium Silver + $0 Virtual 24/7 Care Visits",17970NJ001,,NJN001,NJS001,NJF002,Existing,EPO,Silver,Yes,Both,Yes,No,,,No,,,"Allows Adult and Child-Only",,No,"Pregnancy, Diabetes, Heart Disease, Asthma",,,,,,,1/1/2025,,No,,No,,No,,,,,17970NJ0010006-06,"94% AV Level Silver Plan",94.06%,,Yes,Yes,No,100%,,,,,,,,,,,,,,,,,,"$1,300 ","$1300 per person | $2600 per group",,,"Not Applicable","per person not applicable | per group not applicable","Not Applicable","per person not applicable | per group not applicable",,,,,,,,,,,,,,,,,,,,,"$100 ","$100 per person | $200 per group",15.00%,,,,"Not Applicable","per person not applicable | per group not applicable","Not Applicable","per person not applicable | per group not applicable","$100 ","$300 ","$900 ","$60 ","$100 ","$300 ","$600 ","$20 ",100%,"Not Applicable",No,"Premium Silver + $0 Virtual 24/7 Care Visits","$100 ","$100 ","$300 ","$0 "
2025,NJ,,17970,SERFF,1,1/13/2025,,Individual,No,,17970NJ0010007,"Secure Gold + $0 Virtual 24/7 Care Visits",17970NJ001,,NJN001,NJS001,NJF003,Existing,EPO,Gold,Yes,Both,Yes,No,,,No,,,"Allows Adult and Child-Only",,No,"Pregnancy, Diabetes, Heart Disease, Asthma",,,,,,,1/1/2025,,No,,No,,No,,,,,17970NJ0010007-01,"Standard Gold On Exchange Plan",81.34%,,Yes,Yes,No,100%,,,,,,,,,,,,,,,,,,"$8,600 ","$8600 per person | $17200 per group",,,"Not Applicable","per person not applicable | per group not applicable","Not Applicable","per person not applicable | per group not applicable",,,,,,,,,,,,,,,,,,,,,"$1,800 ","$1800 per person | $3600 per group",20.00%,,,,"Not Applicable","per person not applicable | per group not applicable","Not Applicable","per person not applicable | per group not applicable","$1,800 ","$400 ","$1,300 ","$60 ","$1,800 ","$300 ","$300 ","$20 ",100%,"Not Applicable",No,"Secure Gold + $0 Virtual 24/7 Care Visits","$1,800 ","$400 ","$40 ","$0 "
2025,NJ,,17970,SERFF,1,1/13/2025,,Individual,No,,17970NJ0010007,"Secure Gold + $0 Virtual 24/7 Care Visits",17970NJ001,,NJN001,NJS001,NJF003,Existing,EPO,Gold,Yes,Both,Yes,No,,,No,,,"Allows Adult and Child-Only",,No,"Pregnancy, Diabetes, Heart Disease, Asthma",,,,,,,1/1/2025,,No,,No,,No,,,,,17970NJ0010007-02,"Zero Cost Sharing Plan Variation",100.00%,,Yes,Yes,No,100%,,,,,,,,,,,,,,,,,,"$0 ","$0 per person | $0 per group",,,"Not Applicable","per person not applicable | per group not applicable","Not Applicable","per person not applicable | per group not applicable",,,,,,,,,,,,,,,,,,,,,"$0 ","$0 per person | $0 per group",0.00%,,,,"Not Applicable","per person not applicable | per group not applicable","Not Applicable","per person not applicable | per group not applicable","$0 ","$0 ","$0 ","$0 ","$0 ","$0 ","$0 ","$0 ",100%,"Not Applicable",No,"Secure Gold + $0 Virtual 24/7 Care Visits","$0 ","$0 ","$0 ","$0 "
2025,NJ,,17970,SERFF,1,1/13/2025,,Individual,No,,17970NJ0010007,"Secure Gold + $0 Virtual 24/7 Care Visits",17970NJ001,,NJN001,NJS001,NJF003,Existing,EPO,Gold,Yes,Both,Yes,No,,,No,,,"Allows Adult and Child-Only",,No,"Pregnancy, Diabetes, Heart Disease, Asthma",,,,,,,1/1/2025,,No,,No,,No,,,,,17970NJ0010007-03,"Limited Cost Sharing Plan Variation",81.34%,,Yes,Yes,No,100%,,,,,,,,,,,,,,,,,,"$8,600 ","$8600 per person | $17200 per group",,,"Not Applicable","per person not applicable | per group not applicable","Not Applicable","per person not applicable | per group not applicable",,,,,,,,,,,,,,,,,,,,,"$1,800 ","$1800 per person | $3600 per group",20.00%,,,,"Not Applicable","per person not applicable | per group not applicable","Not Applicable","per person not applicable | per group not applicable","$0 ","$0 ","$0 ","$0 ","$0 ","$0 ","$0 ","$0 ",100%,"Not Applicable",No,"Secure Gold + $0 Virtual 24/7 Care Visits","$0 ","$0 ","$0 ","$0 "
2025,NJ,,17970,SERFF,1,1/13/2025,,Individual,No,,17970NJ0010009,"Elite Silver $0 Medical Deductible + $0 Virtual 24/7 Care Visits",17970NJ001,,NJN001,NJS001,NJF004,Existing,EPO,Silver,Yes,Both,Yes,No,,,No,,,"Allows Adult and Child-Only",,No,"Pregnancy, Diabetes, Heart Disease, Asthma",,,,,,,1/1/2025,,No,,No,,No,,,,,17970NJ0010009-01,"Standard Silver On Exchange Plan",70.58%,,No,Yes,No,100%,,,,,,,,,,,,,,,,,,"$9,200 ","$9200 per person | $18400 per group",,,"Not Applicable","per person not applicable | per group not applicable","Not Applicable","per person not applicable | per group not applicable","$0 ","$0 per person | $0 per group",50.00%,,,,"Not Applicable","per person not applicable | per group not applicable","Not Applicable","per person not applicable | per group not applicable","$250 ","$250 per person | $500 per group",50.00%,,,,"Not Applicable","per person not applicable | per group not applicable","Not Applicable","per person not applicable | per group not applicable",,,,,,,,,,,"$0 ","$500 ","$4,200 ","$60 ","$250 ","$800 ","$1,500 ","$20 ",100%,"Not Applicable",No,"Elite Silver $0 Medical Deductible + $0 Virtual 24/7 Care Visits","$0 ","$300 ","$1,000 ","$0 "
2025,NJ,,17970,SERFF,1,1/13/2025,,Individual,No,,17970NJ0010009,"Elite Silver $0 Medical Deductible + $0 Virtual 24/7 Care Visits",17970NJ001,,NJN001,NJS001,NJF004,Existing,EPO,Silver,Yes,Both,Yes,No,,,No,,,"Allows Adult and Child-Only",,No,"Pregnancy, Diabetes, Heart Disease, Asthma",,,,,,,1/1/2025,,No,,No,,No,,,,,17970NJ0010009-02,"Zero Cost Sharing Plan Variation",100.00%,,No,Yes,No,100%,,,,,,,,,,,,,,,,,,"$0 ","$0 per person | $0 per group",,,"Not Applicable","per person not applicable | per group not applicable","Not Applicable","per person not applicable | per group not applicable","$0 ","$0 per person | $0 per group",0.00%,,,,"Not Applicable","per person not applicable | per group not applicable","Not Applicable","per person not applicable | per group not applicable","$0 ","$0 per person | $0 per group",0.00%,,,,"Not Applicable","per person not applicable | per group not applicable","Not Applicable","per person not applicable | per group not applicable",,,,,,,,,,,"$0 ","$0 ","$0 ","$0 ","$0 ","$0 ","$0 ","$0 ",100%,"Not Applicable",No,"Elite Silver $0 Medical Deductible + $0 Virtual 24/7 Care Visits","$0 ","$0 ","$0 ","$0 "
2025,NJ,,17970,SERFF,1,1/13/2025,,Individual,No,,17970NJ0010009,"Elite Silver $0 Medical Deductible + $0 Virtual 24/7 Care Visits",17970NJ001,,NJN001,NJS001,NJF004,Existing,EPO,Silver,Yes,Both,Yes,No,,,No,,,"Allows Adult and Child-Only",,No,"Pregnancy, Diabetes, Heart Disease, Asthma",,,,,,,1/1/2025,,No,,No,,No,,,,,17970NJ0010009-03,"Limited Cost Sharing Plan Variation",70.58%,,No,Yes,No,100%,,,,,,,,,,,,,,,,,,"$9,200 ","$9200 per person | $18400 per group",,,"Not Applicable","per person not applicable | per group not applicable","Not Applicable","per person not applicable | per group not applicable","$0 ","$0 per person | $0 per group",50.00%,,,,"Not Applicable","per person not applicable | per group not applicable","Not Applicable","per person not applicable | per group not applicable","$250 ","$250 per person | $500 per group",50.00%,,,,"Not Applicable","per person not applicable | per group not applicable","Not Applicable","per person not applicable | per group not applicable",,,,,,,,,,,"$0 ","$0 ","$0 ","$0 ","$0 ","$0 ","$0 ","$0 ",100%,"Not Applicable",No,"Elite Silver $0 Medical Deductible + $0 Virtual 24/7 Care Visits","$0 ","$0 ","$0 ","$0 "
2025,NJ,,17970,SERFF,1,1/13/2025,,Individual,No,,17970NJ0010009,"Elite Silver $0 Medical Deductible + $0 Virtual 24/7 Care Visits",17970NJ001,,NJN001,NJS001,NJF004,Existing,EPO,Silver,Yes,Both,Yes,No,,,No,,,"Allows Adult and Child-Only",,No,"Pregnancy, Diabetes, Heart Disease, Asthma",,,,,,,1/1/2025,,No,,No,,No,,,,,17970NJ0010009-04,"73% AV Level Silver Plan",73.00%,,No,Yes,No,100%,,,,,,,,,,,,,,,,,,"$7,350 ","$7350 per person | $14700 per group",,,"Not Applicable","per person not applicable | per group not applicable","Not Applicable","per person not applicable | per group not applicable","$0 ","$0 per person | $0 per group",50.00%,,,,"Not Applicable","per person not applicable | per group not applicable","Not Applicable","per person not applicable | per group not applicable","$250 ","$250 per person | $500 per group",50.00%,,,,"Not Applicable","per person not applicable | per group not applicable","Not Applicable","per person not applicable | per group not applicable",,,,,,,,,,,"$0 ","$500 ","$4,200 ","$60 ","$250 ","$800 ","$1,500 ","$20 ",100%,"Not Applicable",No,"Elite Silver $0 Medical Deductible + $0 Virtual 24/7 Care Visits","$0 ","$300 ","$1,000 ","$0 "
2025,NJ,,17970,SERFF,1,1/13/2025,,Individual,No,,17970NJ0010009,"Elite Silver $0 Medical Deductible + $0 Virtual 24/7 Care Visits",17970NJ001,,NJN001,NJS001,NJF004,Existing,EPO,Silver,Yes,Both,Yes,No,,,No,,,"Allows Adult and Child-Only",,No,"Pregnancy, Diabetes, Heart Disease, Asthma",,,,,,,1/1/2025,,No,,No,,No,,,,,17970NJ0010009-05,"87% AV Level Silver Plan",87.62%,,No,Yes,No,100%,,,,,,,,,,,,,,,,,,"$3,050 ","$3050 per person | $6100 per group",,,"Not Applicable","per person not applicable | per group not applicable","Not Applicable","per person not applicable | per group not applicable","$0 ","$0 per person | $0 per group",30.00%,,,,"Not Applicable","per person not applicable | per group not applicable","Not Applicable","per person not applicable | per group not applicable","$150 ","$150 per person | $300 per group",30.00%,,,,"Not Applicable","per person not applicable | per group not applicable","Not Applicable","per person not applicable | per group not applicable",,,,,,,,,,,"$0 ","$300 ","$2,500 ","$60 ","$150 ","$400 ","$800 ","$20 ",100%,"Not Applicable",No,"Elite Silver $0 Medical Deductible + $0 Virtual 24/7 Care Visits","$0 ","$200 ","$600 ","$0 "
2025,NJ,,17970,SERFF,1,1/13/2025,,Individual,No,,17970NJ0010009,"Elite Silver $0 Medical Deductible + $0 Virtual 24/7 Care Visits",17970NJ001,,NJN001,NJS001,NJF004,Existing,EPO,Silver,Yes,Both,Yes,No,,,No,,,"Allows Adult and Child-Only",,No,"Pregnancy, Diabetes, Heart Disease, Asthma",,,,,,,1/1/2025,,No,,No,,No,,,,,17970NJ0010009-06,"94% AV Level Silver Plan",94.78%,,No,Yes,No,100%,,,,,,,,,,,,,,,,,,"$1,000 ","$1000 per person | $2000 per group",,,"Not Applicable","per person not applicable | per group not applicable","Not Applicable","per person not applicable | per group not applicable","$0 ","$0 per person | $0 per group",20.00%,,,,"Not Applicable","per person not applicable | per group not applicable","Not Applicable","per person not applicable | per group not applicable","$50 ","$50 per person | $100 per group",20.00%,,,,"Not Applicable","per person not applicable | per group not applicable","Not Applicable","per person not applicable | per group not applicable",,,,,,,,,,,"$0 ","$100 ","$900 ","$60 ","$50 ","$200 ","$500 ","$20 ",100%,"Not Applicable",No,"Elite Silver $0 Medical Deductible + $0 Virtual 24/7 Care Visits","$0 ","$70 ","$400 ","$0 "
2025,NJ,,17970,SERFF,1,1/13/2025,,Individual,No,,17970NJ0010010,"Balanced Silver + $0 Virtual 24/7 Care Visits",17970NJ001,,NJN001,NJS001,NJF005,Existing,EPO,Silver,Yes,Both,Yes,No,,,No,,,"Allows Adult and Child-Only",,No,"Pregnancy, Diabetes, Heart Disease, Asthma",,,,,,,1/1/2025,,No,,No,,No,,,,,17970NJ0010010-01,"Standard Silver On Exchange Plan",70.12%,,Yes,Yes,No,100%,,,,,,,,,,,,,,,,,,"$8,800 ","$8800 per person | $17600 per group",,,"Not Applicable","per person not applicable | per group not applicable","Not Applicable","per person not applicable | per group not applicable",,,,,,,,,,,,,,,,,,,,,"$2,500 ","$2500 per person | $5000 per group",50.00%,,,,"Not Applicable","per person not applicable | per group not applicable","Not Applicable","per person not applicable | per group not applicable","$2,500 ","$400 ","$3,200 ","$60 ","$2,500 ","$600 ","$600 ","$20 ",100%,"Not Applicable",No,"Balanced Silver + $0 Virtual 24/7 Care Visits","$2,100 ","$200 ","$0 ","$0 "
2025,NJ,,17970,SERFF,1,1/13/2025,,Individual,No,,17970NJ0010010,"Balanced Silver + $0 Virtual 24/7 Care Visits",17970NJ001,,NJN001,NJS001,NJF005,Existing,EPO,Silver,Yes,Both,Yes,No,,,No,,,"Allows Adult and Child-Only",,No,"Pregnancy, Diabetes, Heart Disease, Asthma",,,,,,,1/1/2025,,No,,No,,No,,,,,17970NJ0010010-02,"Zero Cost Sharing Plan Variation",100.00%,,Yes,Yes,No,100%,,,,,,,,,,,,,,,,,,"$0 ","$0 per person | $0 per group",,,"Not Applicable","per person not applicable | per group not applicable","Not Applicable","per person not applicable | per group not applicable",,,,,,,,,,,,,,,,,,,,,"$0 ","$0 per person | $0 per group",0.00%,,,,"Not Applicable","per person not applicable | per group not applicable","Not Applicable","per person not applicable | per group not applicable","$0 ","$0 ","$0 ","$0 ","$0 ","$0 ","$0 ","$0 ",100%,"Not Applicable",No,"Balanced Silver + $0 Virtual 24/7 Care Visits","$0 ","$0 ","$0 ","$0 "
2025,NJ,,17970,SERFF,1,1/13/2025,,Individual,No,,17970NJ0010010,"Balanced Silver + $0 Virtual 24/7 Care Visits",17970NJ001,,NJN001,NJS001,NJF005,Existing,EPO,Silver,Yes,Both,Yes,No,,,No,,,"Allows Adult and Child-Only",,No,"Pregnancy, Diabetes, Heart Disease, Asthma",,,,,,,1/1/2025,,No,,No,,No,,,,,17970NJ0010010-03,"Limited Cost Sharing Plan Variation",70.12%,,Yes,Yes,No,100%,,,,,,,,,,,,,,,,,,"$8,800 ","$8800 per person | $17600 per group",,,"Not Applicable","per person not applicable | per group not applicable","Not Applicable","per person not applicable | per group not applicable",,,,,,,,,,,,,,,,,,,,,"$2,500 ","$2500 per person | $5000 per group",50.00%,,,,"Not Applicable","per person not applicable | per group not applicable","Not Applicable","per person not applicable | per group not applicable","$0 ","$0 ","$0 ","$0 ","$0 ","$0 ","$0 ","$0 ",100%,"Not Applicable",No,"Balanced Silver + $0 Virtual 24/7 Care Visits","$0 ","$0 ","$0 ","$0 "
2025,NJ,,17970,SERFF,1,1/13/2025,,Individual,No,,17970NJ0010010,"Balanced Silver + $0 Virtual 24/7 Care Visits",17970NJ001,,NJN001,NJS001,NJF005,Existing,EPO,Silver,Yes,Both,Yes,No,,,No,,,"Allows Adult and Child-Only",,No,"Pregnancy, Diabetes, Heart Disease, Asthma",,,,,,,1/1/2025,,No,,No,,No,,,,,17970NJ0010010-04,"73% AV Level Silver Plan",73.05%,,Yes,Yes,No,100%,,,,,,,,,,,,,,,,,,"$7,250 ","$7250 per person | $14500 per group",,,"Not Applicable","per person not applicable | per group not applicable","Not Applicable","per person not applicable | per group not applicable",,,,,,,,,,,,,,,,,,,,,"$2,250 ","$2250 per person | $4500 per group",50.00%,,,,"Not Applicable","per person not applicable | per group not applicable","Not Applicable","per person not applicable | per group not applicable","$2,250 ","$400 ","$3,300 ","$60 ","$2,250 ","$600 ","$800 ","$20 ",100%,"Not Applicable",No,"Balanced Silver + $0 Virtual 24/7 Care Visits","$2,100 ","$200 ","$0 ","$0 "
2025,NJ,,17970,SERFF,1,1/13/2025,,Individual,No,,17970NJ0010010,"Balanced Silver + $0 Virtual 24/7 Care Visits",17970NJ001,,NJN001,NJS001,NJF005,Existing,EPO,Silver,Yes,Both,Yes,No,,,No,,,"Allows Adult and Child-Only",,No,"Pregnancy, Diabetes, Heart Disease, Asthma",,,,,,,1/1/2025,,No,,No,,No,,,,,17970NJ0010010-05,"87% AV Level Silver Plan",87.58%,,Yes,Yes,No,100%,,,,,,,,,,,,,,,,,,"$3,050 ","$3050 per person | $6100 per group",,,"Not Applicable","per person not applicable | per group not applicable","Not Applicable","per person not applicable | per group not applicable",,,,,,,,,,,,,,,,,,,,,"$700 ","$700 per person | $1400 per group",30.00%,,,,"Not Applicable","per person not applicable | per group not applicable","Not Applicable","per person not applicable | per group not applicable","$700 ","$300 ","$2,100 ","$60 ","$700 ","$300 ","$1,000 ","$20 ",100%,"Not Applicable",No,"Balanced Silver + $0 Virtual 24/7 Care Visits","$700 ","$80 ","$400 ","$0 "
2025,NJ,,17970,SERFF,1,1/13/2025,,Individual,No,,17970NJ0010010,"Balanced Silver + $0 Virtual 24/7 Care Visits",17970NJ001,,NJN001,NJS001,NJF005,Existing,EPO,Silver,Yes,Both,Yes,No,,,No,,,"Allows Adult and Child-Only",,No,"Pregnancy, Diabetes, Heart Disease, Asthma",,,,,,,1/1/2025,,No,,No,,No,,,,,17970NJ0010010-06,"94% AV Level Silver Plan",94.78%,,Yes,Yes,No,100%,,,,,,,,,,,,,,,,,,"$1,300 ","$1300 per person | $2600 per group",,,"Not Applicable","per person not applicable | per group not applicable","Not Applicable","per person not applicable | per group not applicable",,,,,,,,,,,,,,,,,,,,,"$65 ","$65 per person | $130 per group",20.00%,,,,"Not Applicable","per person not applicable | per group not applicable","Not Applicable","per person not applicable | per group not applicable","$65 ","$100 ","$1,100 ","$60 ","$65 ","$100 ","$800 ","$20 ",100%,"Not Applicable",No,"Balanced Silver + $0 Virtual 24/7 Care Visits","$65 ","$50 ","$400 ","$0 "
2025,NJ,,17970,SERFF,1,1/13/2025,,Individual,No,,17970NJ0010011,"Elite Gold $0 Deductible + $0 Virtual 24/7 Care Visits",17970NJ001,,NJN001,NJS001,NJF006,New,EPO,Gold,Yes,Both,Yes,No,,,No,,,"Allows Adult and Child-Only",,No,"Pregnancy, Diabetes, Heart Disease, Asthma",,,,,,,1/1/2025,,No,,No,,No,,,,,17970NJ0010011-01,"Standard Gold On Exchange Plan",81.80%,,Yes,Yes,No,100%,,,,,,,,,,,,,,,,,,"$5,500 ","$5500 per person | $11000 per group",,,"Not Applicable","per person not applicable | per group not applicable","Not Applicable","per person not applicable | per group not applicable",,,,,,,,,,,,,,,,,,,,,"$0 ","$0 per person | $0 per group",30.00%,,,,"Not Applicable","per person not applicable | per group not applicable","Not Applicable","per person not applicable | per group not applicable","$0 ","$600 ","$2,500 ","$60 ","$0 ","$1,100 ","$200 ","$20 ",100%,"Not Applicable",No,"Elite Gold $0 Deductible + $0 Virtual 24/7 Care Visits","$0 ","$500 ","$600 ","$0 "
2025,NJ,,17970,SERFF,1,1/13/2025,,Individual,No,,17970NJ0010011,"Elite Gold $0 Deductible + $0 Virtual 24/7 Care Visits",17970NJ001,,NJN001,NJS001,NJF006,New,EPO,Gold,Yes,Both,Yes,No,,,No,,,"Allows Adult and Child-Only",,No,"Pregnancy, Diabetes, Heart Disease, Asthma",,,,,,,1/1/2025,,No,,No,,No,,,,,17970NJ0010011-02,"Zero Cost Sharing Plan Variation",100.00%,,Yes,Yes,No,100%,,,,,,,,,,,,,,,,,,"$0 ","$0 per person | $0 per group",,,"Not Applicable","per person not applicable | per group not applicable","Not Applicable","per person not applicable | per group not applicable",,,,,,,,,,,,,,,,,,,,,"$0 ","$0 per person | $0 per group",0.00%,,,,"Not Applicable","per person not applicable | per group not applicable","Not Applicable","per person not applicable | per group not applicable","$0 ","$0 ","$0 ","$0 ","$0 ","$0 ","$0 ","$0 ",100%,"Not Applicable",No,"Elite Gold $0 Deductible + $0 Virtual 24/7 Care Visits","$0 ","$0 ","$0 ","$0 "
2025,NJ,,17970,SERFF,1,1/13/2025,,Individual,No,,17970NJ0010011,"Elite Gold $0 Deductible + $0 Virtual 24/7 Care Visits",17970NJ001,,NJN001,NJS001,NJF006,New,EPO,Gold,Yes,Both,Yes,No,,,No,,,"Allows Adult and Child-Only",,No,"Pregnancy, Diabetes, Heart Disease, Asthma",,,,,,,1/1/2025,,No,,No,,No,,,,,17970NJ0010011-03,"Limited Cost Sharing Plan Variation",81.80%,,Yes,Yes,No,100%,,,,,,,,,,,,,,,,,,"$5,500 ","$5500 per person | $11000 per group",,,"Not Applicable","per person not applicable | per group not applicable","Not Applicable","per person not applicable | per group not applicable",,,,,,,,,,,,,,,,,,,,,"$0 ","$0 per person | $0 per group",30.00%,,,,"Not Applicable","per person not applicable | per group not applicable","Not Applicable","per person not applicable | per group not applicable","$0 ","$0 ","$0 ","$0 ","$0 ","$0 ","$0 ","$0 ",100%,"Not Applicable",No,"Elite Gold $0 Deductible + $0 Virtual 24/7 Care Visits","$0 ","$0 ","$0 ","$0 "
2025,NJ,,23818,SERFF,1,1/13/2025,,Individual,No,,23818NJ0010001,"Bronze Classic",23818NJ001,,NJN001,NJS001,NJF001,Existing,EPO,"Expanded Bronze",Yes,Both,No,No,,,No,,,"Allows Adult and Child-Only",,No,"Pregnancy, Depression, Heart Disease, Asthma",,,"$250 ",,,,1/1/2025,12/31/2025,Yes,"Emergency Services Only",Yes,"Emergency and Urgent Services Only",No,,,,,23818NJ0010001-01,"Standard Bronze On Exchange Plan",63.29%,0.628051767,Yes,Yes,No,100%,,,,,,,,,,,,,,,,,,"$9,100 ","$9100 per person | $18200 per group",,,"Not Applicable","per person not applicable | per group not applicable","Not Applicable","per person not applicable | per group not applicable",,,,,,,,,,,,,,,,,,,,,"$3,000 ","$3000 per person | $6000 per group",50.00%,,,,"Not Applicable","per person not applicable | per group not applicable","Not Applicable","per person not applicable | per group not applicable","$3,000 ","$300 ","$3,600 ","$0 ","$3,000 ","$300 ","$900 ","$0 ",100%,"Not Applicable",No,"Bronze Classic","$2,800 ","$10 ","$0 ","$0 "
2025,NJ,,23818,SERFF,1,1/13/2025,,Individual,No,,23818NJ0010001,"Bronze Classic",23818NJ001,,NJN001,NJS001,NJF001,Existing,EPO,"Expanded Bronze",Yes,Both,No,No,,,No,,,"Allows Adult and Child-Only",,No,"Pregnancy, Depression, Heart Disease, Asthma",,,,,,,1/1/2025,12/31/2025,Yes,"Emergency Services Only",Yes,"Emergency and Urgent Services Only",No,,,,,23818NJ0010001-02,"Zero Cost Sharing Plan Variation",100.00%,1,Yes,Yes,No,100%,,,,,,,,,,,,,,,,,,"$0 ","$0 per person | $0 per group",,,"Not Applicable","per person not applicable | per group not applicable","Not Applicable","per person not applicable | per group not applicable",,,,,,,,,,,,,,,,,,,,,"$0 ","$0 per person | $0 per group",0.00%,,,,"Not Applicable","per person not applicable | per group not applicable","Not Applicable","per person not applicable | per group not applicable","$0 ","$0 ","$0 ","$0 ","$0 ","$0 ","$0 ","$0 ",100%,"Not Applicable",No,"AIAN Cost Share","$0 ","$0 ","$0 ","$0 "
2025,NJ,,23818,SERFF,1,1/13/2025,,Individual,No,,23818NJ0010001,"Bronze Classic",23818NJ001,,NJN001,NJS001,NJF001,Existing,EPO,"Expanded Bronze",Yes,Both,No,No,,,No,,,"Allows Adult and Child-Only",,No,"Pregnancy, Depression, Heart Disease, Asthma",,,"$250 ",,,,1/1/2025,12/31/2025,Yes,"Emergency Services Only",Yes,"Emergency and Urgent Services Only",No,,,,,23818NJ0010001-03,"Limited Cost Sharing Plan Variation",63.29%,0.628051767,Yes,Yes,No,100%,,,,,,,,,,,,,,,,,,"$9,100 ","$9100 per person | $18200 per group",,,"Not Applicable","per person not applicable | per group not applicable","Not Applicable","per person not applicable | per group not applicable",,,,,,,,,,,,,,,,,,,,,"$3,000 ","$3000 per person | $6000 per group",50.00%,,,,"Not Applicable","per person not applicable | per group not applicable","Not Applicable","per person not applicable | per group not applicable","$0 ","$0 ","$0 ","$0 ","$0 ","$0 ","$0 ","$0 ",100%,"Not Applicable",No,"Bronze Classic","$0 ","$0 ","$0 ","$0 "
2025,NJ,,23818,SERFF,1,1/13/2025,,Individual,No,,23818NJ0010002,"Silver Classic",23818NJ001,,NJN001,NJS001,NJF001,Existing,EPO,Silver,No,Both,No,No,,,No,,,"Allows Adult and Child-Only",,No,"Pregnancy, Depression, Heart Disease, Asthma",,,,,,,1/1/2025,12/31/2025,Yes,"Emergency Services Only",Yes,"Emergency and Urgent Services Only",No,,,,,23818NJ0010002-01,"Standard Silver On Exchange Plan",,0.700484259,Yes,Yes,No,100%,,,,,,,,,,,,,,,,,,"$8,900 ","$8900 per person | $17800 per group",,,"Not Applicable","per person not applicable | per group not applicable","Not Applicable","per person not applicable | per group not applicable",,,,,,,,,,,,,,,,,,,,,"$2,500 ","$2500 per person | $5000 per group",50.00%,,,,"Not Applicable","per person not applicable | per group not applicable","Not Applicable","per person not applicable | per group not applicable","$2,500 ","$300 ","$3,700 ","$0 ","$2,500 ","$400 ","$800 ","$0 ",100%,"Not Applicable",No,"Silver Classic","$1,900 ","$500 ","$0 ","$0 "
2025,NJ,,23818,SERFF,1,1/13/2025,,Individual,No,,23818NJ0010002,"Silver Classic",23818NJ001,,NJN001,NJS001,NJF001,Existing,EPO,Silver,No,Both,No,No,,,No,,,"Allows Adult and Child-Only",,No,"Pregnancy, Depression, Heart Disease, Asthma",,,,,,,1/1/2025,12/31/2025,Yes,"Emergency Services Only",Yes,"Emergency and Urgent Services Only",No,,,,,23818NJ0010002-02,"Zero Cost Sharing Plan Variation",,1,Yes,Yes,No,100%,,,,,,,,,,,,,,,,,,"$0 ","$0 per person | $0 per group",,,"Not Applicable","per person not applicable | per group not applicable","Not Applicable","per person not applicable | per group not applicable",,,,,,,,,,,,,,,,,,,,,"$0 ","$0 per person | $0 per group",0.00%,,,,"Not Applicable","per person not applicable | per group not applicable","Not Applicable","per person not applicable | per group not applicable","$0 ","$0 ","$0 ","$0 ","$0 ","$0 ","$0 ","$0 ",100%,"Not Applicable",No,"AIAN Cost Share","$0 ","$0 ","$0 ","$0 "
2025,NJ,,23818,SERFF,1,1/13/2025,,Individual,No,,23818NJ0010002,"Silver Classic",23818NJ001,,NJN001,NJS001,NJF001,Existing,EPO,Silver,No,Both,No,No,,,No,,,"Allows Adult and Child-Only",,No,"Pregnancy, Depression, Heart Disease, Asthma",,,,,,,1/1/2025,12/31/2025,Yes,"Emergency Services Only",Yes,"Emergency and Urgent Services Only",No,,,,,23818NJ0010002-03,"Limited Cost Sharing Plan Variation",,0.700484259,Yes,Yes,No,100%,,,,,,,,,,,,,,,,,,"$8,900 ","$8900 per person | $17800 per group",,,"Not Applicable","per person not applicable | per group not applicable","Not Applicable","per person not applicable | per group not applicable",,,,,,,,,,,,,,,,,,,,,"$2,500 ","$2500 per person | $5000 per group",50.00%,,,,"Not Applicable","per person not applicable | per group not applicable","Not Applicable","per person not applicable | per group not applicable","$0 ","$0 ","$0 ","$0 ","$0 ","$0 ","$0 ","$0 ",100%,"Not Applicable",No,"Silver Classic","$0 ","$0 ","$0 ","$0 "
2025,NJ,,23818,SERFF,1,1/13/2025,,Individual,No,,23818NJ0010002,"Silver Classic",23818NJ001,,NJN001,NJS001,NJF001,Existing,EPO,Silver,No,Both,No,No,,,No,,,"Allows Adult and Child-Only",,No,"Pregnancy, Depression, Heart Disease, Asthma",,,,,,,1/1/2025,12/31/2025,Yes,"Emergency Services Only",Yes,"Emergency and Urgent Services Only",No,,,,,23818NJ0010002-04,"73% AV Level Silver Plan",,0.731207401,Yes,Yes,No,100%,,,,,,,,,,,,,,,,,,"$7,250 ","$7250 per person | $14500 per group",,,"Not Applicable","per person not applicable | per group not applicable","Not Applicable","per person not applicable | per group not applicable",,,,,,,,,,,,,,,,,,,,,"$2,000 ","$2000 per person | $4000 per group",50.00%,,,,"Not Applicable","per person not applicable | per group not applicable","Not Applicable","per person not applicable | per group not applicable","$2,000 ","$200 ","$4,000 ","$0 ","$2,000 ","$400 ","$1,100 ","$0 ",100%,"Not Applicable",No,"Silver Classic CSR 250","$1,900 ","$500 ","$0 ","$0 "
2025,NJ,,23818,SERFF,1,1/13/2025,,Individual,No,,23818NJ0010002,"Silver Classic",23818NJ001,,NJN001,NJS001,NJF001,Existing,EPO,Silver,No,Both,No,No,,,No,,,"Allows Adult and Child-Only",,No,"Pregnancy, Depression, Heart Disease, Asthma",,,,,,,1/1/2025,12/31/2025,Yes,"Emergency Services Only",Yes,"Emergency and Urgent Services Only",No,,,,,23818NJ0010002-05,"87% AV Level Silver Plan",,0.875172348,Yes,Yes,No,100%,,,,,,,,,,,,,,,,,,"$2,800 ","$2800 per person | $5600 per group",,,"Not Applicable","per person not applicable | per group not applicable","Not Applicable","per person not applicable | per group not applicable",,,,,,,,,,,,,,,,,,,,,"$500 ","$500 per person | $1000 per group",25.00%,,,,"Not Applicable","per person not applicable | per group not applicable","Not Applicable","per person not applicable | per group not applicable","$500 ","$100 ","$2,200 ","$0 ","$500 ","$300 ","$900 ","$0 ",100%,"Not Applicable",No,"Silver Classic CSR 200","$500 ","$200 ","$300 ","$0 "
2025,NJ,,23818,SERFF,1,1/13/2025,,Individual,No,,23818NJ0010002,"Silver Classic",23818NJ001,,NJN001,NJS001,NJF001,Existing,EPO,Silver,No,Both,No,No,,,No,,,"Allows Adult and Child-Only",,No,"Pregnancy, Depression, Heart Disease, Asthma",,,,,,,1/1/2025,12/31/2025,Yes,"Emergency Services Only",Yes,"Emergency and Urgent Services Only",No,,,,,23818NJ0010002-06,"94% AV Level Silver Plan",,0.946611034,Yes,Yes,No,100%,,,,,,,,,,,,,,,,,,"$1,200 ","$1200 per person | $2400 per group",,,"Not Applicable","per person not applicable | per group not applicable","Not Applicable","per person not applicable | per group not applicable",,,,,,,,,,,,,,,,,,,,,"$50 ","$50 per person | $100 per group",15.00%,,,,"Not Applicable","per person not applicable | per group not applicable","Not Applicable","per person not applicable | per group not applicable","$50 ","$70 ","$1,100 ","$0 ","$50 ","$200 ","$600 ","$0 ",100%,"Not Applicable",No,"Silver Classic CSR 150","$50 ","$100 ","$300 ","$0 "
2025,NJ,,23818,SERFF,1,1/13/2025,,Individual,No,,23818NJ0010003,"Silver Simple",23818NJ001,,NJN001,NJS001,NJF001,Existing,EPO,Silver,Yes,Both,No,No,,,No,,,"Allows Adult and Child-Only",,No,"Pregnancy, Depression, Heart Disease, Asthma",,,"$150 ",,,,1/1/2025,12/31/2025,Yes,"Emergency Services Only",Yes,"Emergency and Urgent Services Only",No,,,,,23818NJ0010003-01,"Standard Silver On Exchange Plan",71.12%,0.703706805,Yes,Yes,No,100%,,,,,,,,,,,,,,,,,,"$7,200 ","$7200 per person | $14400 per group",,,"Not Applicable","per person not applicable | per group not applicable","Not Applicable","per person not applicable | per group not applicable",,,,,,,,,,,,,,,,,,,,,"$2,500 ","$2500 per person | $5000 per group",40.00%,,,,"Not Applicable","per person not applicable | per group not applicable","Not Applicable","per person not applicable | per group not applicable","$2,500 ","$50 ","$3,400 ","$0 ","$2,500 ","$100 ","$1,000 ","$0 ",100%,"Not Applicable",No,"Silver Simple","$2,500 ","$0 ","$100 ","$0 "
2025,NJ,,23818,SERFF,1,1/13/2025,,Individual,No,,23818NJ0010003,"Silver Simple",23818NJ001,,NJN001,NJS001,NJF001,Existing,EPO,Silver,Yes,Both,No,No,,,No,,,"Allows Adult and Child-Only",,No,"Pregnancy, Depression, Heart Disease, Asthma",,,,,,,1/1/2025,12/31/2025,Yes,"Emergency Services Only",Yes,"Emergency and Urgent Services Only",No,,,,,23818NJ0010003-02,"Zero Cost Sharing Plan Variation",100.00%,1,Yes,Yes,No,100%,,,,,,,,,,,,,,,,,,"$0 ","$0 per person | $0 per group",,,"Not Applicable","per person not applicable | per group not applicable","Not Applicable","per person not applicable | per group not applicable",,,,,,,,,,,,,,,,,,,,,"$0 ","$0 per person | $0 per group",0.00%,,,,"Not Applicable","per person not applicable | per group not applicable","Not Applicable","per person not applicable | per group not applicable","$0 ","$0 ","$0 ","$0 ","$0 ","$0 ","$0 ","$0 ",100%,"Not Applicable",No,"AIAN Cost Share","$0 ","$0 ","$0 ","$0 "
2025,NJ,,23818,SERFF,1,1/13/2025,,Individual,No,,23818NJ0010003,"Silver Simple",23818NJ001,,NJN001,NJS001,NJF001,Existing,EPO,Silver,Yes,Both,No,No,,,No,,,"Allows Adult and Child-Only",,No,"Pregnancy, Depression, Heart Disease, Asthma",,,"$150 ",,,,1/1/2025,12/31/2025,Yes,"Emergency Services Only",Yes,"Emergency and Urgent Services Only",No,,,,,23818NJ0010003-03,"Limited Cost Sharing Plan Variation",71.12%,0.703706805,Yes,Yes,No,100%,,,,,,,,,,,,,,,,,,"$7,200 ","$7200 per person | $14400 per group",,,"Not Applicable","per person not applicable | per group not applicable","Not Applicable","per person not applicable | per group not applicable",,,,,,,,,,,,,,,,,,,,,"$2,500 ","$2500 per person | $5000 per group",40.00%,,,,"Not Applicable","per person not applicable | per group not applicable","Not Applicable","per person not applicable | per group not applicable","$0 ","$0 ","$0 ","$0 ","$0 ","$0 ","$0 ","$0 ",100%,"Not Applicable",No,"Silver Simple","$0 ","$0 ","$0 ","$0 "
2025,NJ,,23818,SERFF,1,1/13/2025,,Individual,No,,23818NJ0010003,"Silver Simple",23818NJ001,,NJN001,NJS001,NJF001,Existing,EPO,Silver,Yes,Both,No,No,,,No,,,"Allows Adult and Child-Only",,No,"Pregnancy, Depression, Heart Disease, Asthma",,,"$150 ",,,,1/1/2025,12/31/2025,Yes,"Emergency Services Only",Yes,"Emergency and Urgent Services Only",No,,,,,23818NJ0010003-04,"73% AV Level Silver Plan",73.66%,0.730515382,Yes,Yes,No,100%,,,,,,,,,,,,,,,,,,"$6,650 ","$6650 per person | $13300 per group",,,"Not Applicable","per person not applicable | per group not applicable","Not Applicable","per person not applicable | per group not applicable",,,,,,,,,,,,,,,,,,,,,"$2,400 ","$2400 per person | $4800 per group",25.00%,,,,"Not Applicable","per person not applicable | per group not applicable","Not Applicable","per person not applicable | per group not applicable","$2,400 ","$80 ","$2,100 ","$0 ","$2,400 ","$80 ","$600 ","$0 ",100%,"Not Applicable",No,"Silver Simple CSR 250","$2,400 ","$0 ","$100 ","$0 "
2025,NJ,,23818,SERFF,1,1/13/2025,,Individual,No,,23818NJ0010003,"Silver Simple",23818NJ001,,NJN001,NJS001,NJF001,Existing,EPO,Silver,Yes,Both,No,No,,,No,,,"Allows Adult and Child-Only",,No,"Pregnancy, Depression, Heart Disease, Asthma",,,"$150 ",,,,1/1/2025,12/31/2025,Yes,"Emergency Services Only",Yes,"Emergency and Urgent Services Only",No,,,,,23818NJ0010003-05,"87% AV Level Silver Plan",87.59%,0.874432951,Yes,Yes,No,100%,,,,,,,,,,,,,,,,,,"$2,600 ","$2600 per person | $5200 per group",,,"Not Applicable","per person not applicable | per group not applicable","Not Applicable","per person not applicable | per group not applicable",,,,,,,,,,,,,,,,,,,,,"$800 ","$800 per person | $1600 per group",15.00%,,,,"Not Applicable","per person not applicable | per group not applicable","Not Applicable","per person not applicable | per group not applicable","$800 ","$60 ","$1,500 ","$0 ","$800 ","$100 ","$600 ","$0 ",100%,"Not Applicable",No,"Silver Simple CSR 200","$800 ","$30 ","$300 ","$0 "
2025,NJ,,23818,SERFF,1,1/13/2025,,Individual,No,,23818NJ0010003,"Silver Simple",23818NJ001,,NJN001,NJS001,NJF001,Existing,EPO,Silver,Yes,Both,No,No,,,No,,,"Allows Adult and Child-Only",,No,"Pregnancy, Depression, Heart Disease, Asthma",,,"$150 ",,,,1/1/2025,12/31/2025,Yes,"Emergency Services Only",Yes,"Emergency and Urgent Services Only",No,,,,,23818NJ0010003-06,"94% AV Level Silver Plan",94.18%,0.940550437,Yes,Yes,No,100%,,,,,,,,,,,,,,,,,,"$1,600 ","$1600 per person | $3200 per group",,,"Not Applicable","per person not applicable | per group not applicable","Not Applicable","per person not applicable | per group not applicable",,,,,,,,,,,,,,,,,,,,,"$100 ","$100 per person | $200 per group",10.00%,,,,"Not Applicable","per person not applicable | per group not applicable","Not Applicable","per person not applicable | per group not applicable","$100 ","$20 ","$1,100 ","$0 ","$100 ","$40 ","$500 ","$0 ",100%,"Not Applicable",No,"Silver Simple CSR 150","$100 ","$10 ","$200 ","$0 "
2025,NJ,,23818,SERFF,1,1/13/2025,,Individual,No,,23818NJ0010005,Secure,23818NJ001,,NJN001,NJS001,NJF001,Existing,EPO,Catastrophic,No,Both,No,No,,,No,,,"Allows Adult and Child-Only",,No,"Pregnancy, Depression, Heart Disease, Asthma",,,,,3,,1/1/2025,12/31/2025,Yes,"Emergency Services Only",Yes,"Emergency and Urgent Services Only",No,,,,,23818NJ0010005-01,"Standard Catastrophic On Exchange Plan",,,Yes,Yes,No,100%,,,,,,,,,,,,,,,,,,"$9,200 ","$9200 per person | $18400 per group",,,"Not Applicable","per person not applicable | per group not applicable","Not Applicable","per person not applicable | per group not applicable",,,,,,,,,,,,,,,,,,,,,"$9,200 ","$9200 per person | $18400 per group",0.00%,,,,"Not Applicable","per person not applicable | per group not applicable","Not Applicable","per person not applicable | per group not applicable","$9,200 ","$0 ","$0 ","$0 ","$5,400 ","$0 ","$0 ","$0 ",100%,"Not Applicable",No,Secure,"$2,800 ","$0 ","$0 ","$0 "
2025,NJ,,23818,SERFF,1,1/13/2025,,Individual,No,,23818NJ0010007,"Gold Classic PCP Saver",23818NJ001,,NJN001,NJS001,NJF001,Existing,EPO,Gold,Yes,Both,No,No,,,No,,,"Allows Adult and Child-Only",,No,"Pregnancy, Depression, Heart Disease, Asthma",,,"$150 ",,,,1/1/2025,12/31/2025,Yes,"Emergency Services Only",Yes,"Emergency and Urgent Services Only",No,,,,,23818NJ0010007-01,"Standard Gold On Exchange Plan",79.25%,0.786148615,Yes,Yes,No,100%,,,,,,,,,,,,,,,,,,"$7,000 ","$7000 per person | $14000 per group",,,"Not Applicable","per person not applicable | per group not applicable","Not Applicable","per person not applicable | per group not applicable",,,,,,,,,,,,,,,,,,,,,"$1,750 ","$1750 per person | $3500 per group",20.00%,,,,"Not Applicable","per person not applicable | per group not applicable","Not Applicable","per person not applicable | per group not applicable","$1,750 ","$200 ","$1,600 ","$0 ","$1,750 ","$300 ","$700 ","$0 ",100%,"Not Applicable",No,"Gold Classic PCP Saver","$1,750 ","$300 ","$30 ","$0 "
2025,NJ,,23818,SERFF,1,1/13/2025,,Individual,No,,23818NJ0010007,"Gold Classic PCP Saver",23818NJ001,,NJN001,NJS001,NJF001,Existing,EPO,Gold,Yes,Both,No,No,,,No,,,"Allows Adult and Child-Only",,No,"Pregnancy, Depression, Heart Disease, Asthma",,,,,,,1/1/2025,12/31/2025,Yes,"Emergency Services Only",Yes,"Emergency and Urgent Services Only",No,,,,,23818NJ0010007-02,"Zero Cost Sharing Plan Variation",100.00%,1,Yes,Yes,No,100%,,,,,,,,,,,,,,,,,,"$0 ","$0 per person | $0 per group",,,"Not Applicable","per person not applicable | per group not applicable","Not Applicable","per person not applicable | per group not applicable",,,,,,,,,,,,,,,,,,,,,"$0 ","$0 per person | $0 per group",0.00%,,,,"Not Applicable","per person not applicable | per group not applicable","Not Applicable","per person not applicable | per group not applicable","$0 ","$0 ","$0 ","$0 ","$0 ","$0 ","$0 ","$0 ",100%,"Not Applicable",No,"AIAN Cost Share","$0 ","$0 ","$0 ","$0 "
2025,NJ,,23818,SERFF,1,1/13/2025,,Individual,No,,23818NJ0010007,"Gold Classic PCP Saver",23818NJ001,,NJN001,NJS001,NJF001,Existing,EPO,Gold,Yes,Both,No,No,,,No,,,"Allows Adult and Child-Only",,No,"Pregnancy, Depression, Heart Disease, Asthma",,,"$150 ",,,,1/1/2025,12/31/2025,Yes,"Emergency Services Only",Yes,"Emergency and Urgent Services Only",No,,,,,23818NJ0010007-03,"Limited Cost Sharing Plan Variation",79.25%,0.786148615,Yes,Yes,No,100%,,,,,,,,,,,,,,,,,,"$7,000 ","$7000 per person | $14000 per group",,,"Not Applicable","per person not applicable | per group not applicable","Not Applicable","per person not applicable | per group not applicable",,,,,,,,,,,,,,,,,,,,,"$1,750 ","$1750 per person | $3500 per group",20.00%,,,,"Not Applicable","per person not applicable | per group not applicable","Not Applicable","per person not applicable | per group not applicable","$0 ","$0 ","$0 ","$0 ","$0 ","$0 ","$0 ","$0 ",100%,"Not Applicable",No,"Gold Classic PCP Saver","$0 ","$0 ","$0 ","$0 "
2025,NJ,,23818,SERFF,1,1/13/2025,,Individual,No,,23818NJ0010008,"Silver Classic Saver Plus",23818NJ001,,NJN001,NJS001,NJF001,Existing,EPO,Silver,No,Both,No,No,,,No,,,"Allows Adult and Child-Only",,No,"Pregnancy, Depression, Heart Disease, Asthma",,,,,,,1/1/2025,12/31/2025,Yes,"Emergency Services Only",Yes,"Emergency and Urgent Services Only",No,,,,,23818NJ0010008-01,"Standard Silver On Exchange Plan",,0.707066983,No,Yes,No,100%,,,,,,,,,,,,,,,,,,"$9,200 ","$9200 per person | $18400 per group",,,"Not Applicable","per person not applicable | per group not applicable","Not Applicable","per person not applicable | per group not applicable","$500 ","$500 per person | $1000 per group",50.00%,,,,"Not Applicable","per person not applicable | per group not applicable","Not Applicable","per person not applicable | per group not applicable","$250 ","$250 per person | $500 per group",50.00%,,,,"Not Applicable","per person not applicable | per group not applicable","Not Applicable","per person not applicable | per group not applicable",,,,,,,,,,,"$530 ","$300 ","$4,700 ","$0 ","$750 ","$400 ","$1,700 ","$0 ",100%,"Not Applicable",No,"Silver Classic Saver Plus","$510 ","$400 ","$800 ","$0 "
2025,NJ,,23818,SERFF,1,1/13/2025,,Individual,No,,23818NJ0010008,"Silver Classic Saver Plus",23818NJ001,,NJN001,NJS001,NJF001,Existing,EPO,Silver,No,Both,No,No,,,No,,,"Allows Adult and Child-Only",,No,"Pregnancy, Depression, Heart Disease, Asthma",,,,,,,1/1/2025,12/31/2025,Yes,"Emergency Services Only",Yes,"Emergency and Urgent Services Only",No,,,,,23818NJ0010008-02,"Zero Cost Sharing Plan Variation",,1,No,Yes,No,100%,,,,,,,,,,,,,,,,,,"$0 ","$0 per person | $0 per group",,,"Not Applicable","per person not applicable | per group not applicable","Not Applicable","per person not applicable | per group not applicable","$0 ","$0 per person | $0 per group",0.00%,,,,"Not Applicable","per person not applicable | per group not applicable","Not Applicable","per person not applicable | per group not applicable","$0 ","$0 per person | $0 per group",0.00%,,,,"Not Applicable","per person not applicable | per group not applicable","Not Applicable","per person not applicable | per group not applicable",,,,,,,,,,,"$0 ","$0 ","$0 ","$0 ","$0 ","$0 ","$0 ","$0 ",100%,"Not Applicable",No,"AIAN Cost Share","$0 ","$0 ","$0 ","$0 "
2025,NJ,,23818,SERFF,1,1/13/2025,,Individual,No,,23818NJ0010008,"Silver Classic Saver Plus",23818NJ001,,NJN001,NJS001,NJF001,Existing,EPO,Silver,No,Both,No,No,,,No,,,"Allows Adult and Child-Only",,No,"Pregnancy, Depression, Heart Disease, Asthma",,,,,,,1/1/2025,12/31/2025,Yes,"Emergency Services Only",Yes,"Emergency and Urgent Services Only",No,,,,,23818NJ0010008-03,"Limited Cost Sharing Plan Variation",,0.707066983,No,Yes,No,100%,,,,,,,,,,,,,,,,,,"$9,200 ","$9200 per person | $18400 per group",,,"Not Applicable","per person not applicable | per group not applicable","Not Applicable","per person not applicable | per group not applicable","$500 ","$500 per person | $1000 per group",50.00%,,,,"Not Applicable","per person not applicable | per group not applicable","Not Applicable","per person not applicable | per group not applicable","$250 ","$250 per person | $500 per group",50.00%,,,,"Not Applicable","per person not applicable | per group not applicable","Not Applicable","per person not applicable | per group not applicable",,,,,,,,,,,"$0 ","$0 ","$0 ","$0 ","$0 ","$0 ","$0 ","$0 ",100%,"Not Applicable",No,"Silver Classic Saver Plus","$0 ","$0 ","$0 ","$0 "
2025,NJ,,23818,SERFF,1,1/13/2025,,Individual,No,,23818NJ0010008,"Silver Classic Saver Plus",23818NJ001,,NJN001,NJS001,NJF001,Existing,EPO,Silver,No,Both,No,No,,,No,,,"Allows Adult and Child-Only",,No,"Pregnancy, Depression, Heart Disease, Asthma",,,,,,,1/1/2025,12/31/2025,Yes,"Emergency Services Only",Yes,"Emergency and Urgent Services Only",No,,,,,23818NJ0010008-04,"73% AV Level Silver Plan",,0.737235117,No,Yes,No,100%,,,,,,,,,,,,,,,,,,"$7,350 ","$7350 per person | $14700 per group",,,"Not Applicable","per person not applicable | per group not applicable","Not Applicable","per person not applicable | per group not applicable","$250 ","$250 per person | $500 per group",50.00%,,,,"Not Applicable","per person not applicable | per group not applicable","Not Applicable","per person not applicable | per group not applicable","$250 ","$250 per person | $500 per group",50.00%,,,,"Not Applicable","per person not applicable | per group not applicable","Not Applicable","per person not applicable | per group not applicable",,,,,,,,,,,"$250 ","$300 ","$4,800 ","$0 ","$500 ","$400 ","$1,800 ","$0 ",100%,"Not Applicable",No,"Silver Classic Saver Plus CSR 250","$250 ","$400 ","$900 ","$0 "
2025,NJ,,23818,SERFF,1,1/13/2025,,Individual,No,,23818NJ0010008,"Silver Classic Saver Plus",23818NJ001,,NJN001,NJS001,NJF001,Existing,EPO,Silver,No,Both,No,No,,,No,,,"Allows Adult and Child-Only",,No,"Pregnancy, Depression, Heart Disease, Asthma",,,,,,,1/1/2025,12/31/2025,Yes,"Emergency Services Only",Yes,"Emergency and Urgent Services Only",No,,,,,23818NJ0010008-05,"87% AV Level Silver Plan",,0.874958871,No,Yes,No,100%,,,,,,,,,,,,,,,,,,"$2,750 ","$2750 per person | $5500 per group",,,"Not Applicable","per person not applicable | per group not applicable","Not Applicable","per person not applicable | per group not applicable","$0 ","$0 per person | $0 per group",40.00%,,,,"Not Applicable","per person not applicable | per group not applicable","Not Applicable","per person not applicable | per group not applicable","$200 ","$200 per person | $400 per group",40.00%,,,,"Not Applicable","per person not applicable | per group not applicable","Not Applicable","per person not applicable | per group not applicable",,,,,,,,,,,"$0 ","$100 ","$2,600 ","$0 ","$200 ","$300 ","$1,600 ","$0 ",100%,"Not Applicable",No,"Silver Classic Saver Plus CSR 200","$0 ","$200 ","$800 ","$0 "
2025,NJ,,23818,SERFF,1,1/13/2025,,Individual,No,,23818NJ0010008,"Silver Classic Saver Plus",23818NJ001,,NJN001,NJS001,NJF001,Existing,EPO,Silver,No,Both,No,No,,,No,,,"Allows Adult and Child-Only",,No,"Pregnancy, Depression, Heart Disease, Asthma",,,,,,,1/1/2025,12/31/2025,Yes,"Emergency Services Only",Yes,"Emergency and Urgent Services Only",No,,,,,23818NJ0010008-06,"94% AV Level Silver Plan",,0.946946709,No,Yes,No,100%,,,,,,,,,,,,,,,,,,"$1,100 ","$1100 per person | $2200 per group",,,"Not Applicable","per person not applicable | per group not applicable","Not Applicable","per person not applicable | per group not applicable","$0 ","$0 per person | $0 per group",20.00%,,,,"Not Applicable","per person not applicable | per group not applicable","Not Applicable","per person not applicable | per group not applicable","$100 ","$100 per person | $200 per group",20.00%,,,,"Not Applicable","per person not applicable | per group not applicable","Not Applicable","per person not applicable | per group not applicable",,,,,,,,,,,"$0 ","$40 ","$1,100 ","$0 ","$100 ","$50 ","$800 ","$0 ",100%,"Not Applicable",No,"Silver Classic Saver Plus CSR 150","$0 ","$100 ","$400 ","$0 "
2025,NJ,,23818,SERFF,1,1/13/2025,,Individual,No,,23818NJ0010009,"Silver Simple PCP Saver",23818NJ001,,NJN001,NJS001,NJF001,Existing,EPO,Silver,No,Both,No,No,,,No,,,"Allows Adult and Child-Only",,No,"Pregnancy, Depression, Heart Disease, Asthma",,,,,,,1/1/2025,12/31/2025,Yes,"Emergency Services Only",Yes,"Emergency and Urgent Services Only",No,,,,,23818NJ0010009-01,"Standard Silver On Exchange Plan",,0.701035031,Yes,Yes,No,100%,,,,,,,,,,,,,,,,,,"$8,900 ","$8900 per person | $17800 per group",,,"Not Applicable","per person not applicable | per group not applicable","Not Applicable","per person not applicable | per group not applicable",,,,,,,,,,,,,,,,,,,,,"$2,250 ","$2250 per person | $4500 per group",50.00%,,,,"Not Applicable","per person not applicable | per group not applicable","Not Applicable","per person not applicable | per group not applicable","$2,250 ","$300 ","$3,800 ","$0 ","$2,250 ","$500 ","$1,000 ","$0 ",100%,"Not Applicable",No,"Silver Simple PCP Saver","$2,250 ","$200 ","$30 ","$0 "
2025,NJ,,23818,SERFF,1,1/13/2025,,Individual,No,,23818NJ0010009,"Silver Simple PCP Saver",23818NJ001,,NJN001,NJS001,NJF001,Existing,EPO,Silver,No,Both,No,No,,,No,,,"Allows Adult and Child-Only",,No,"Pregnancy, Depression, Heart Disease, Asthma",,,,,,,1/1/2025,12/31/2025,Yes,"Emergency Services Only",Yes,"Emergency and Urgent Services Only",No,,,,,23818NJ0010009-02,"Zero Cost Sharing Plan Variation",,1,Yes,Yes,No,100%,,,,,,,,,,,,,,,,,,"$0 ","$0 per person | $0 per group",,,"Not Applicable","per person not applicable | per group not applicable","Not Applicable","per person not applicable | per group not applicable",,,,,,,,,,,,,,,,,,,,,"$0 ","$0 per person | $0 per group",0.00%,,,,"Not Applicable","per person not applicable | per group not applicable","Not Applicable","per person not applicable | per group not applicable","$0 ","$0 ","$0 ","$0 ","$0 ","$0 ","$0 ","$0 ",100%,"Not Applicable",No,"AIAN Cost Share","$0 ","$0 ","$0 ","$0 "
2025,NJ,,23818,SERFF,1,1/13/2025,,Individual,No,,23818NJ0010009,"Silver Simple PCP Saver",23818NJ001,,NJN001,NJS001,NJF001,Existing,EPO,Silver,No,Both,No,No,,,No,,,"Allows Adult and Child-Only",,No,"Pregnancy, Depression, Heart Disease, Asthma",,,,,,,1/1/2025,12/31/2025,Yes,"Emergency Services Only",Yes,"Emergency and Urgent Services Only",No,,,,,23818NJ0010009-03,"Limited Cost Sharing Plan Variation",,0.701035031,Yes,Yes,No,100%,,,,,,,,,,,,,,,,,,"$8,900 ","$8900 per person | $17800 per group",,,"Not Applicable","per person not applicable | per group not applicable","Not Applicable","per person not applicable | per group not applicable",,,,,,,,,,,,,,,,,,,,,"$2,250 ","$2250 per person | $4500 per group",50.00%,,,,"Not Applicable","per person not applicable | per group not applicable","Not Applicable","per person not applicable | per group not applicable","$0 ","$0 ","$0 ","$0 ","$0 ","$0 ","$0 ","$0 ",100%,"Not Applicable",No,"Silver Simple PCP Saver","$0 ","$0 ","$0 ","$0 "
2025,NJ,,23818,SERFF,1,1/13/2025,,Individual,No,,23818NJ0010009,"Silver Simple PCP Saver",23818NJ001,,NJN001,NJS001,NJF001,Existing,EPO,Silver,No,Both,No,No,,,No,,,"Allows Adult and Child-Only",,No,"Pregnancy, Depression, Heart Disease, Asthma",,,,,,,1/1/2025,12/31/2025,Yes,"Emergency Services Only",Yes,"Emergency and Urgent Services Only",No,,,,,23818NJ0010009-04,"73% AV Level Silver Plan",,0.731755875,Yes,Yes,No,100%,,,,,,,,,,,,,,,,,,"$7,250 ","$7250 per person | $14500 per group",,,"Not Applicable","per person not applicable | per group not applicable","Not Applicable","per person not applicable | per group not applicable",,,,,,,,,,,,,,,,,,,,,"$2,250 ","$2250 per person | $4500 per group",50.00%,,,,"Not Applicable","per person not applicable | per group not applicable","Not Applicable","per person not applicable | per group not applicable","$2,250 ","$200 ","$3,800 ","$0 ","$2,250 ","$400 ","$1,000 ","$0 ",100%,"Not Applicable",No,"Silver Simple PCP Saver CSR 250","$2,250 ","$200 ","$30 ","$0 "
2025,NJ,,23818,SERFF,1,1/13/2025,,Individual,No,,23818NJ0010009,"Silver Simple PCP Saver",23818NJ001,,NJN001,NJS001,NJF001,Existing,EPO,Silver,No,Both,No,No,,,No,,,"Allows Adult and Child-Only",,No,"Pregnancy, Depression, Heart Disease, Asthma",,,,,,,1/1/2025,12/31/2025,Yes,"Emergency Services Only",Yes,"Emergency and Urgent Services Only",No,,,,,23818NJ0010009-05,"87% AV Level Silver Plan",,0.870529613,Yes,Yes,No,100%,,,,,,,,,,,,,,,,,,"$2,750 ","$2750 per person | $5500 per group",,,"Not Applicable","per person not applicable | per group not applicable","Not Applicable","per person not applicable | per group not applicable",,,,,,,,,,,,,,,,,,,,,"$750 ","$750 per person | $1500 per group",20.00%,,,,"Not Applicable","per person not applicable | per group not applicable","Not Applicable","per person not applicable | per group not applicable","$750 ","$100 ","$1,800 ","$0 ","$750 ","$300 ","$700 ","$0 ",100%,"Not Applicable",No,"Silver Simple PCP Saver CSR 200","$750 ","$90 ","$300 ","$0 "
2025,NJ,,23818,SERFF,1,1/13/2025,,Individual,No,,23818NJ0010009,"Silver Simple PCP Saver",23818NJ001,,NJN001,NJS001,NJF001,Existing,EPO,Silver,No,Both,No,No,,,No,,,"Allows Adult and Child-Only",,No,"Pregnancy, Depression, Heart Disease, Asthma",,,,,,,1/1/2025,12/31/2025,Yes,"Emergency Services Only",Yes,"Emergency and Urgent Services Only",No,,,,,23818NJ0010009-06,"94% AV Level Silver Plan",,0.946103353,Yes,Yes,No,100%,,,,,,,,,,,,,,,,,,"$1,250 ","$1250 per person | $2500 per group",,,"Not Applicable","per person not applicable | per group not applicable","Not Applicable","per person not applicable | per group not applicable",,,,,,,,,,,,,,,,,,,,,"$50 ","$50 per person | $100 per group",15.00%,,,,"Not Applicable","per person not applicable | per group not applicable","Not Applicable","per person not applicable | per group not applicable","$50 ","$70 ","$1,100 ","$0 ","$50 ","$200 ","$600 ","$0 ",100%,"Not Applicable",No,"Silver Simple PCP Saver CSR 150","$50 ","$60 ","$300 ","$0 "
2025,NJ,,35152,SERFF,1,1/13/2025,,Individual,Yes,,35152NJ0010001,"Choice PPO Basic",35152NJ001,,NJN002,NJS002,,Existing,PPO,Low,,Both,,,,"Out of Pocket Maximum applies to children only. Adults have separate deductible and plan payment maximum, refer to plan document for details.",,,,"Allows Adult and Child-Only",,No,,100%,"Guaranteed Rate",,,,,1/1/2025,12/31/2025,Yes,"Standard Out of Network PPO Benefits",Yes,"Standard Out of Network PPO Benefits",Yes,,,,,35152NJ0010001-01,"Standard Low On Exchange Plan",,,,,No,100%,,"$425 ","$425 per person | $850 per group",,,"Not Applicable","per person not applicable | per group not applicable","Not Applicable","per person not applicable | per group not applicable",,,,,,,,,,,,,,,,,"$100 ","$100 per person | $200 per group",,,,,"$100 ","$100 per person | $200 per group","$100 ","$100 per person | $200 per group",,,,,,,,,,,,,,,,,,,,,,,,,,,,,,,No,"Choice PPO Basic",,,,
2025,NJ,,35152,SERFF,1,1/13/2025,,Individual,Yes,,35152NJ0010002,"Choice PPO Premium",35152NJ001,,NJN002,NJS002,,Existing,PPO,High,,Both,,,,"Out of Pocket Maximum applies to children only. Adults have separate deductible and plan payment maximum, refer to plan document for details.",,,,"Allows Adult and Child-Only",,No,,100%,"Guaranteed Rate",,,,,1/1/2025,12/31/2025,Yes,"Standard Out of Network PPO Benefits",Yes,"Standard Out of Network PPO Benefits",Yes,,,,,35152NJ0010002-01,"Standard High On Exchange Plan",,,,,No,100%,,"$425 ","$425 per person | $850 per group",,,"Not Applicable","per person not applicable | per group not applicable","Not Applicable","per person not applicable | per group not applicable",,,,,,,,,,,,,,,,,"$25 ","$25 per person | $50 per group",,,,,"$25 ","$25 per person | $50 per group","$25 ","$25 per person | $50 per group",,,,,,,,,,,,,,,,,,,,,,,,,,,,,,,No,"Choice PPO Premium",,,,
2025,NJ,,35152,SERFF,1,1/13/2025,,Individual,Yes,,35152NJ0010003,"Choice PPO Basic Pediatric",35152NJ001,,NJN002,NJS002,,Existing,PPO,Low,,Both,,,,,,,,"Allows Child-Only",,No,,100%,"Guaranteed Rate",,,,,1/1/2025,12/31/2025,Yes,"Standard Out of Network PPO Benefits",Yes,"Standard Out of Network PPO Benefits",Yes,,,,,35152NJ0010003-01,"Standard Low On Exchange Plan",,,,,No,100%,,"$425 ","$425 per person | $850 per group",,,"Not Applicable","per person not applicable | per group not applicable","Not Applicable","per person not applicable | per group not applicable",,,,,,,,,,,,,,,,,"$100 ","$100 per person | $200 per group",,,,,"$100 ","$100 per person | $200 per group","$100 ","$100 per person | $200 per group",,,,,,,,,,,,,,,,,,,,,,,,,,,,,,,No,"Choice PPO Basic Pediatric",,,,
2025,NJ,,35152,SERFF,1,1/13/2025,,Individual,Yes,,35152NJ0010004,"Choice PPO Premium Pediatric",35152NJ001,,NJN002,NJS002,,Existing,PPO,High,,Both,,,,,,,,"Allows Child-Only",,No,,100%,"Guaranteed Rate",,,,,1/1/2025,12/31/2025,Yes,"Standard Out of Network PPO Benefits",Yes,"Standard Out of Network PPO Benefits",Yes,,,,,35152NJ0010004-01,"Standard High On Exchange Plan",,,,,No,100%,,"$425 ","$425 per person | $850 per group",,,"Not Applicable","per person not applicable | per group not applicable","Not Applicable","per person not applicable | per group not applicable",,,,,,,,,,,,,,,,,"$25 ","$25 per person | $50 per group",,,,,"$25 ","$25 per person | $50 per group","$25 ","$25 per person | $50 per group",,,,,,,,,,,,,,,,,,,,,,,,,,,,,,,No,"Choice PPO Premium Pediatric",,,,
2025,NJ,,35152,SERFF,1,1/13/2025,,Individual,Yes,,35152NJ0010005,"Choice PPO Plus",35152NJ001,,NJN002,NJS002,,Existing,PPO,Low,,Both,,,,"Out of Pocket Maximum applies to children only. Adults have separate deductible and plan payment maximum, refer to plan document for details.",,,,"Allows Adult and Child-Only",,No,,100%,"Guaranteed Rate",,,,,1/1/2025,12/31/2025,Yes,"Standard Out of Network PPO Benefits",Yes,"Standard Out of Network PPO Benefits",Yes,,,,,35152NJ0010005-01,"Standard Low On Exchange Plan",,,,,No,100%,,"$425 ","$425 per person | $850 per group",,,"Not Applicable","per person not applicable | per group not applicable","Not Applicable","per person not applicable | per group not applicable",,,,,,,,,,,,,,,,,"$100 ","$100 per person | $200 per group",,,,,"$100 ","$100 per person | $200 per group","$100 ","$100 per person | $200 per group",,,,,,,,,,,,,,,,,,,,,,,,,,,,,,,No,"Choice PPO Plus",,,,
2025,NJ,,35152,SERFF,1,1/13/2025,,Individual,Yes,,35152NJ0010006,"Choice PPO Preventive",35152NJ001,,NJN002,NJS002,,Existing,PPO,Low,,Both,,,,"Out of Pocket Maximum applies to children only. Adults have separate deductible and plan payment maximum, refer to plan document for details.",,,,"Allows Adult and Child-Only",,No,,100%,"Guaranteed Rate",,,,,1/1/2025,12/31/2025,Yes,"Standard Out of Network PPO Benefits",Yes,"Standard Out of Network PPO Benefits",Yes,,,,,35152NJ0010006-01,"Standard Low On Exchange Plan",,,,,No,100%,,"$425 ","$425 per person | $850 per group",,,"Not Applicable","per person not applicable | per group not applicable","Not Applicable","per person not applicable | per group not applicable",,,,,,,,,,,,,,,,,"$100 ","$100 per person | $200 per group",,,,,"$100 ","$100 per person | $200 per group","$100 ","$100 per person | $200 per group",,,,,,,,,,,,,,,,,,,,,,,,,,,,,,,No,"Choice PPO Preventive",,,,
2025,NJ,,35152,SERFF,1,1/13/2025,,Individual,Yes,,35152NJ0020001,"Select Plan Basic",35152NJ002,,NJN001,NJS001,,Existing,EPO,Low,,Both,,,,"Co-insurance equivalent percentages displayed. Discount provided for non-medically necessary orthodontia. Must choose participating Select Plan dentist.",,,,"Allows Adult and Child-Only",,No,,100%,"Guaranteed Rate",,,,,1/1/2025,12/31/2025,Yes,"Emergency pain treatment only if 50 miles away from home ZIP code, up to $100",Yes,"Emergency pain treatment only if 50 miles away from home ZIP code, up to $100",No,,,,,35152NJ0020001-01,"Standard Low On Exchange Plan",,,,,No,100%,,"$425 ","$425 per person | $850 per group",,,"Not Applicable","per person not applicable | per group not applicable","Not Applicable","per person not applicable | per group not applicable",,,,,,,,,,,,,,,,,"Not Applicable","per person not applicable | per group not applicable",,,,,"Not Applicable","per person not applicable | per group not applicable","Not Applicable","per person not applicable | per group not applicable",,,,,,,,,,,,,,,,,,,,,,,,,,,,,,,No,"Select Plan Basic",,,,
2025,NJ,,35152,SERFF,1,1/13/2025,,Individual,Yes,,35152NJ0020002,"Select Plan Premium",35152NJ002,,NJN001,NJS001,,Existing,EPO,High,,Both,,,,"Co-insurance equivalent percentages displayed. Discount provided for non-medically necessary orthodontia. Must choose participating Select Plan dentist.",,,,"Allows Adult and Child-Only",,No,,100%,"Guaranteed Rate",,,,,1/1/2025,12/31/2025,Yes,"Emergency pain treatment only if 50 miles away from home ZIP code, up to $100",Yes,"Emergency pain treatment only if 50 miles away from home ZIP code, up to $100",No,,,,,35152NJ0020002-01,"Standard High On Exchange Plan",,,,,No,100%,,"$425 ","$425 per person | $850 per group",,,"Not Applicable","per person not applicable | per group not applicable","Not Applicable","per person not applicable | per group not applicable",,,,,,,,,,,,,,,,,"Not Applicable","per person not applicable | per group not applicable",,,,,"Not Applicable","per person not applicable | per group not applicable","Not Applicable","per person not applicable | per group not applicable",,,,,,,,,,,,,,,,,,,,,,,,,,,,,,,No,"Select Plan Premium",,,,
2025,NJ,,35152,SERFF,1,1/13/2025,,Individual,Yes,,35152NJ0020003,"Select Plan Basic Pediatric",35152NJ002,,NJN001,NJS001,,Existing,EPO,Low,,Both,,,,,,,,"Allows Child-Only",,No,,100%,"Guaranteed Rate",,,,,1/1/2025,12/31/2025,Yes,"Emergency pain treatment only if 50 miles away from home ZIP code, up to $100",Yes,"Emergency pain treatment only if 50 miles away from home ZIP code, up to $100",No,,,,,35152NJ0020003-01,"Standard Low On Exchange Plan",,,,,No,100%,,"$425 ","$425 per person | $850 per group",,,"Not Applicable","per person not applicable | per group not applicable","Not Applicable","per person not applicable | per group not applicable",,,,,,,,,,,,,,,,,"Not Applicable","per person not applicable | per group not applicable",,,,,"Not Applicable","per person not applicable | per group not applicable","Not Applicable","per person not applicable | per group not applicable",,,,,,,,,,,,,,,,,,,,,,,,,,,,,,,No,"Select Plan Basic Pediatric",,,,
2025,NJ,,35152,SERFF,1,1/13/2025,,Individual,Yes,,35152NJ0020004,"Select Plan Premium Pediatric",35152NJ002,,NJN001,NJS001,,Existing,EPO,High,,Both,,,,,,,,"Allows Child-Only",,No,,100%,"Guaranteed Rate",,,,,1/1/2025,12/31/2025,Yes,"Emergency pain treatment only if 50 miles away from home ZIP code, up to $100",Yes,"Emergency pain treatment only if 50 miles away from home ZIP code, up to $100",No,,,,,35152NJ0020004-01,"Standard High On Exchange Plan",,,,,No,100%,,"$425 ","$425 per person | $850 per group",,,"Not Applicable","per person not applicable | per group not applicable","Not Applicable","per person not applicable | per group not applicable",,,,,,,,,,,,,,,,,"Not Applicable","per person not applicable | per group not applicable",,,,,"Not Applicable","per person not applicable | per group not applicable","Not Applicable","per person not applicable | per group not applicable",,,,,,,,,,,,,,,,,,,,,,,,,,,,,,,No,"Select Plan Premium Pediatric",,,,
2025,NJ,,37777,SERFF,1,1/13/2025,,Individual,No,,37777NJ0100002,"UHC Bronze Value HSA (No Referrals)",37777NJ010,,NJN011,NJS011,NJF002,Existing,EPO,"Expanded Bronze",Yes,Both,No,No,,"Some exclusions may apply. See the applicable Certificate of Coverage for details.",Yes,,,"Allows Adult and Child-Only",,No,,,,"$250 ",,,,1/1/2025,,No,,Yes,"Plan covers eligible expenses provided by a Network Physician or other provider or facility within the Network Area. The plan also covers emergency health care services received outside the service area.",No,,,,,37777NJ0100002-01,"Standard Bronze On Exchange Plan",63.92%,,Yes,Yes,No,100%,,,,,,,,,,,,,,,,,,"$8,050 ","$8050 per person | $16100 per group",,,"Not Applicable","per person not applicable | per group not applicable","Not Applicable","per person not applicable | per group not applicable",,,,,,,,,,,,,,,,,,,,,"$5,000 ","$5000 per person | $10000 per group",30.00%,,,,"Not Applicable","per person not applicable | per group not applicable","Not Applicable","per person not applicable | per group not applicable","$5,000 ","$0 ","$1,800 ","$60 ","$1,100 ","$0 ","$0 ","$0 ",99%,"Not Applicable",No,"UHC Bronze Value HSA (No Referrals)","$2,800 ","$0 ","$0 ","$0 "
2025,NJ,,37777,SERFF,1,1/13/2025,,Individual,No,,37777NJ0100002,"UHC Bronze Value HSA (No Referrals)",37777NJ010,,NJN011,NJS011,NJF002,Existing,EPO,"Expanded Bronze",Yes,Both,No,No,,"Some exclusions may apply. See the applicable Certificate of Coverage for details.",No,,,"Allows Adult and Child-Only",,No,,,,,,,,1/1/2025,,No,,Yes,"Plan covers eligible expenses provided by a Network Physician or other provider or facility within the Network Area. The plan also covers emergency health care services received outside the service area.",No,,,,,37777NJ0100002-02,"Zero Cost Sharing Plan Variation",100.00%,,Yes,Yes,No,100%,,,,,,,,,,,,,,,,,,"$0 ","$0 per person | $0 per group",,,"Not Applicable","per person not applicable | per group not applicable","Not Applicable","per person not applicable | per group not applicable",,,,,,,,,,,,,,,,,,,,,"$0 ","$0 per person | $0 per group",0.00%,,,,"Not Applicable","per person not applicable | per group not applicable","Not Applicable","per person not applicable | per group not applicable","$0 ","$0 ","$0 ","$60 ","$0 ","$0 ","$0 ","$0 ",99%,"Not Applicable",No,"UHC Bronze-A Value $0 Indiv Ded ($0 Virtual Urgent Care + $0 PCP Visits, $0 Tier 2 Rx, No Referrals)","$0 ","$0 ","$0 ","$0 "
2025,NJ,,37777,SERFF,1,1/13/2025,,Individual,No,,37777NJ0100002,"UHC Bronze Value HSA (No Referrals)",37777NJ010,,NJN011,NJS011,NJF002,Existing,EPO,"Expanded Bronze",Yes,Both,No,No,,"Some exclusions may apply. See the applicable Certificate of Coverage for details.",No,,,"Allows Adult and Child-Only",,No,,,,"$250 ",,,,1/1/2025,,No,,Yes,"Plan covers eligible expenses provided by a Network Physician or other provider or facility within the Network Area. The plan also covers emergency health care services received outside the service area.",No,,,,,37777NJ0100002-03,"Limited Cost Sharing Plan Variation",63.92%,,Yes,Yes,No,100%,,,,,,,,,,,,,,,,,,"$8,050 ","$8050 per person | $16100 per group",,,"Not Applicable","per person not applicable | per group not applicable","Not Applicable","per person not applicable | per group not applicable",,,,,,,,,,,,,,,,,,,,,"$5,000 ","$5000 per person | $10000 per group",30.00%,,,,"Not Applicable","per person not applicable | per group not applicable","Not Applicable","per person not applicable | per group not applicable","$0 ","$0 ","$0 ","$60 ","$0 ","$0 ","$0 ","$0 ",99%,"Not Applicable",No,"UHC Bronze-B Value (No Referrals)","$0 ","$0 ","$0 ","$0 "
2025,NJ,,37777,SERFF,1,1/13/2025,,Individual,No,,37777NJ0100005,"UHC Silver Value ($0 Virtual Urgent Care, No Referrals)",37777NJ010,,NJN011,NJS011,NJF004,Existing,EPO,Silver,Yes,Both,No,No,,"Some exclusions may apply. See the applicable Certificate of Coverage for details.",No,,,"Allows Adult and Child-Only",,No,,,,"$150 ",,,,1/1/2025,,No,,Yes,"Plan covers eligible expenses provided by a Network Physician or other provider or facility within the Network Area. The plan also covers emergency health care services received outside the service area.",No,,,,,37777NJ0100005-01,"Standard Silver On Exchange Plan",70.23%,,Yes,Yes,No,100%,,,,,,,,,,,,,,,,,,"$8,500 ","$8500 per person | $17000 per group",,,"Not Applicable","per person not applicable | per group not applicable","Not Applicable","per person not applicable | per group not applicable",,,,,,,,,,,,,,,,,,,,,"$2,100 ","$2100 per person | $4200 per group",40.00%,,,,"Not Applicable","per person not applicable | per group not applicable","Not Applicable","per person not applicable | per group not applicable","$2,100 ","$0 ","$3,600 ","$60 ","$1,100 ","$0 ","$0 ","$0 ",99%,"Not Applicable",No,"UHC Silver Value ($0 Virtual Urgent Care, No Referrals)","$2,100 ","$0 ","$0 ","$0 "
2025,NJ,,37777,SERFF,1,1/13/2025,,Individual,No,,37777NJ0100005,"UHC Silver Value ($0 Virtual Urgent Care, No Referrals)",37777NJ010,,NJN011,NJS011,NJF004,Existing,EPO,Silver,Yes,Both,No,No,,"Some exclusions may apply. See the applicable Certificate of Coverage for details.",No,,,"Allows Adult and Child-Only",,No,,,,,,,,1/1/2025,,No,,Yes,"Plan covers eligible expenses provided by a Network Physician or other provider or facility within the Network Area. The plan also covers emergency health care services received outside the service area.",No,,,,,37777NJ0100005-02,"Zero Cost Sharing Plan Variation",100.00%,,Yes,Yes,No,100%,,,,,,,,,,,,,,,,,,"$0 ","$0 per person | $0 per group",,,"Not Applicable","per person not applicable | per group not applicable","Not Applicable","per person not applicable | per group not applicable",,,,,,,,,,,,,,,,,,,,,"$0 ","$0 per person | $0 per group",0.00%,,,,"Not Applicable","per person not applicable | per group not applicable","Not Applicable","per person not applicable | per group not applicable","$0 ","$0 ","$0 ","$60 ","$0 ","$0 ","$0 ","$0 ",99%,"Not Applicable",No,"UHC Silver-A Value ($0 Virtual Urgent Care + $0 PCP Visits, $0 Tier 2 Rx, No Referrals)","$0 ","$0 ","$0 ","$0 "
2025,NJ,,37777,SERFF,1,1/13/2025,,Individual,No,,37777NJ0100005,"UHC Silver Value ($0 Virtual Urgent Care, No Referrals)",37777NJ010,,NJN011,NJS011,NJF004,Existing,EPO,Silver,Yes,Both,No,No,,"Some exclusions may apply. See the applicable Certificate of Coverage for details.",No,,,"Allows Adult and Child-Only",,No,,,,"$150 ",,,,1/1/2025,,No,,Yes,"Plan covers eligible expenses provided by a Network Physician or other provider or facility within the Network Area. The plan also covers emergency health care services received outside the service area.",No,,,,,37777NJ0100005-03,"Limited Cost Sharing Plan Variation",70.23%,,Yes,Yes,No,100%,,,,,,,,,,,,,,,,,,"$8,500 ","$8500 per person | $17000 per group",,,"Not Applicable","per person not applicable | per group not applicable","Not Applicable","per person not applicable | per group not applicable",,,,,,,,,,,,,,,,,,,,,"$2,100 ","$2100 per person | $4200 per group",40.00%,,,,"Not Applicable","per person not applicable | per group not applicable","Not Applicable","per person not applicable | per group not applicable","$0 ","$0 ","$0 ","$60 ","$0 ","$0 ","$0 ","$0 ",99%,"Not Applicable",No,"UHC Silver-B Value ($0 Virtual Urgent Care, No Referrals)","$0 ","$0 ","$0 ","$0 "
2025,NJ,,37777,SERFF,1,1/13/2025,,Individual,No,,37777NJ0100005,"UHC Silver Value ($0 Virtual Urgent Care, No Referrals)",37777NJ010,,NJN011,NJS011,NJF004,Existing,EPO,Silver,Yes,Both,No,No,,"Some exclusions may apply. See the applicable Certificate of Coverage for details.",No,,,"Allows Adult and Child-Only",,No,,,,"$150 ",,,,1/1/2025,,No,,Yes,"Plan covers eligible expenses provided by a Network Physician or other provider or facility within the Network Area. The plan also covers emergency health care services received outside the service area.",No,,,,,37777NJ0100005-04,"73% AV Level Silver Plan",73.04%,,Yes,Yes,No,100%,,,,,,,,,,,,,,,,,,"$7,000 ","$7000 per person | $14000 per group",,,"Not Applicable","per person not applicable | per group not applicable","Not Applicable","per person not applicable | per group not applicable",,,,,,,,,,,,,,,,,,,,,"$1,900 ","$1900 per person | $3800 per group",40.00%,,,,"Not Applicable","per person not applicable | per group not applicable","Not Applicable","per person not applicable | per group not applicable","$1,900 ","$0 ","$3,700 ","$60 ","$1,100 ","$0 ","$0 ","$0 ",99%,"Not Applicable",No,"UHC Silver-E Value ($0 Virtual Urgent Care, No Referrals)","$1,900 ","$0 ","$0 ","$0 "
2025,NJ,,37777,SERFF,1,1/13/2025,,Individual,No,,37777NJ0100005,"UHC Silver Value ($0 Virtual Urgent Care, No Referrals)",37777NJ010,,NJN011,NJS011,NJF004,Existing,EPO,Silver,Yes,Both,No,No,,"Some exclusions may apply. See the applicable Certificate of Coverage for details.",No,,,"Allows Adult and Child-Only",,No,,,,"$150 ",,,,1/1/2025,,No,,Yes,"Plan covers eligible expenses provided by a Network Physician or other provider or facility within the Network Area. The plan also covers emergency health care services received outside the service area.",No,,,,,37777NJ0100005-05,"87% AV Level Silver Plan",87.48%,,Yes,Yes,No,100%,,,,,,,,,,,,,,,,,,"$2,600 ","$2600 per person | $5200 per group",,,"Not Applicable","per person not applicable | per group not applicable","Not Applicable","per person not applicable | per group not applicable",,,,,,,,,,,,,,,,,,,,,"$800 ","$800 per person | $1600 per group",20.00%,,,,"Not Applicable","per person not applicable | per group not applicable","Not Applicable","per person not applicable | per group not applicable","$800 ","$0 ","$1,800 ","$60 ","$800 ","$0 ","$90 ","$0 ",99%,"Not Applicable",No,"UHC Silver-D Value ($0 Virtual Urgent Care, $5 Tier 2 Rx, No Referrals)","$900 ","$0 ","$400 ","$0 "
2025,NJ,,37777,SERFF,1,1/13/2025,,Individual,No,,37777NJ0100005,"UHC Silver Value ($0 Virtual Urgent Care, No Referrals)",37777NJ010,,NJN011,NJS011,NJF004,Existing,EPO,Silver,Yes,Both,No,No,,"Some exclusions may apply. See the applicable Certificate of Coverage for details.",No,,,"Allows Adult and Child-Only",,No,,,,"$150 ",,,,1/1/2025,,No,,Yes,"Plan covers eligible expenses provided by a Network Physician or other provider or facility within the Network Area. The plan also covers emergency health care services received outside the service area.",No,,,,,37777NJ0100005-06,"94% AV Level Silver Plan",94.67%,,Yes,Yes,No,100%,,,,,,,,,,,,,,,,,,"$1,100 ","$1100 per person | $2200 per group",,,"Not Applicable","per person not applicable | per group not applicable","Not Applicable","per person not applicable | per group not applicable",,,,,,,,,,,,,,,,,,,,,"$250 ","$250 per person | $500 per group",10.00%,,,,"Not Applicable","per person not applicable | per group not applicable","Not Applicable","per person not applicable | per group not applicable","$250 ","$0 ","$800 ","$60 ","$250 ","$0 ","$80 ","$0 ",99%,"Not Applicable",No,"UHC Silver-C Value ($0 Virtual Urgent Care, $1 Tier 2 Rx, No Referrals)","$250 ","$0 ","$200 ","$0 "
2025,NJ,,37777,SERFF,1,1/13/2025,,Individual,No,,37777NJ0100006,"UHC Gold Value ($0 Virtual Urgent Care, $5 Tier 2 Rx, No Referrals)",37777NJ010,,NJN011,NJS011,NJF005,Existing,EPO,Gold,Yes,Both,No,No,,"Some exclusions may apply. See the applicable Certificate of Coverage for details.",No,,,"Allows Adult and Child-Only",,No,,,,"$150 ",,,,1/1/2025,,No,,Yes,"Plan covers eligible expenses provided by a Network Physician or other provider or facility within the Network Area. The plan also covers emergency health care services received outside the service area.",No,,,,,37777NJ0100006-01,"Standard Gold On Exchange Plan",80.13%,,Yes,Yes,No,100%,,,,,,,,,,,,,,,,,,"$8,000 ","$8000 per person | $16000 per group",,,"Not Applicable","per person not applicable | per group not applicable","Not Applicable","per person not applicable | per group not applicable",,,,,,,,,,,,,,,,,,,,,"$1,200 ","$1200 per person | $2400 per group",20.00%,,,,"Not Applicable","per person not applicable | per group not applicable","Not Applicable","per person not applicable | per group not applicable","$1,200 ","$200 ","$1,700 ","$60 ","$200 ","$200 ","$0 ","$0 ",99%,"Not Applicable",No,"UHC Gold Value ($0 Virtual Urgent Care, $5 Tier 2 Rx, No Referrals)","$1,300 ","$90 ","$200 ","$0 "
2025,NJ,,37777,SERFF,1,1/13/2025,,Individual,No,,37777NJ0100006,"UHC Gold Value ($0 Virtual Urgent Care, $5 Tier 2 Rx, No Referrals)",37777NJ010,,NJN011,NJS011,NJF005,Existing,EPO,Gold,Yes,Both,No,No,,"Some exclusions may apply. See the applicable Certificate of Coverage for details.",No,,,"Allows Adult and Child-Only",,No,,,,,,,,1/1/2025,,No,,Yes,"Plan covers eligible expenses provided by a Network Physician or other provider or facility within the Network Area. The plan also covers emergency health care services received outside the service area.",No,,,,,37777NJ0100006-02,"Zero Cost Sharing Plan Variation",100.00%,,Yes,Yes,No,100%,,,,,,,,,,,,,,,,,,"$0 ","$0 per person | $0 per group",,,"Not Applicable","per person not applicable | per group not applicable","Not Applicable","per person not applicable | per group not applicable",,,,,,,,,,,,,,,,,,,,,"$0 ","$0 per person | $0 per group",0.00%,,,,"Not Applicable","per person not applicable | per group not applicable","Not Applicable","per person not applicable | per group not applicable","$0 ","$0 ","$0 ","$60 ","$0 ","$0 ","$0 ","$0 ",99%,"Not Applicable",No,"UHC Gold-A Value ($0 Virtual Urgent Care + $0 PCP Visits, $0 Tier 2 Rx, No Referrals)","$0 ","$0 ","$0 ","$0 "
2025,NJ,,37777,SERFF,1,1/13/2025,,Individual,No,,37777NJ0100006,"UHC Gold Value ($0 Virtual Urgent Care, $5 Tier 2 Rx, No Referrals)",37777NJ010,,NJN011,NJS011,NJF005,Existing,EPO,Gold,Yes,Both,No,No,,"Some exclusions may apply. See the applicable Certificate of Coverage for details.",No,,,"Allows Adult and Child-Only",,No,,,,"$150 ",,,,1/1/2025,,No,,Yes,"Plan covers eligible expenses provided by a Network Physician or other provider or facility within the Network Area. The plan also covers emergency health care services received outside the service area.",No,,,,,37777NJ0100006-03,"Limited Cost Sharing Plan Variation",80.13%,,Yes,Yes,No,100%,,,,,,,,,,,,,,,,,,"$8,000 ","$8000 per person | $16000 per group",,,"Not Applicable","per person not applicable | per group not applicable","Not Applicable","per person not applicable | per group not applicable",,,,,,,,,,,,,,,,,,,,,"$1,200 ","$1200 per person | $2400 per group",20.00%,,,,"Not Applicable","per person not applicable | per group not applicable","Not Applicable","per person not applicable | per group not applicable","$0 ","$0 ","$0 ","$60 ","$0 ","$0 ","$0 ","$0 ",99%,"Not Applicable",No,"UHC Gold-B Value ($0 Virtual Urgent Care, $5 Tier 2 Rx, No Referrals)","$0 ","$0 ","$0 ","$0 "
2025,NJ,,37777,SERFF,1,1/13/2025,,Individual,No,,37777NJ0100007,"UHC Gold Advantage ($0 Virtual Urgent Care, $5 Tier 2 Rx, No Referrals)",37777NJ010,,NJN011,NJS011,NJF006,Existing,EPO,Gold,Yes,Both,No,No,,"Some exclusions may apply. See the applicable Certificate of Coverage for details.",No,,,"Allows Adult and Child-Only",,No,,,,,,,,1/1/2025,,No,,Yes,"Plan covers eligible expenses provided by a Network Physician or other provider or facility within the Network Area. The plan also covers emergency health care services received outside the service area.",No,,,,,37777NJ0100007-01,"Standard Gold On Exchange Plan",80.33%,,Yes,Yes,No,100%,,,,,,,,,,,,,,,,,,"$6,500 ","$6500 per person | $13000 per group",,,"Not Applicable","per person not applicable | per group not applicable","Not Applicable","per person not applicable | per group not applicable",,,,,,,,,,,,,,,,,,,,,"$1,500 ","$1500 per person | $3000 per group",20.00%,,,,"Not Applicable","per person not applicable | per group not applicable","Not Applicable","per person not applicable | per group not applicable","$1,500 ","$200 ","$1,700 ","$60 ","$200 ","$200 ","$0 ","$0 ",99%,"Not Applicable",No,"UHC Gold Advantage ($0 Virtual Urgent Care, $5 Tier 2 Rx, No Referrals)","$1,600 ","$80 ","$200 ","$0 "
2025,NJ,,37777,SERFF,1,1/13/2025,,Individual,No,,37777NJ0100007,"UHC Gold Advantage ($0 Virtual Urgent Care, $5 Tier 2 Rx, No Referrals)",37777NJ010,,NJN011,NJS011,NJF006,Existing,EPO,Gold,Yes,Both,No,No,,"Some exclusions may apply. See the applicable Certificate of Coverage for details.",No,,,"Allows Adult and Child-Only",,No,,,,,,,,1/1/2025,,No,,Yes,"Plan covers eligible expenses provided by a Network Physician or other provider or facility within the Network Area. The plan also covers emergency health care services received outside the service area.",No,,,,,37777NJ0100007-02,"Zero Cost Sharing Plan Variation",100.00%,,Yes,Yes,No,100%,,,,,,,,,,,,,,,,,,"$0 ","$0 per person | $0 per group",,,"Not Applicable","per person not applicable | per group not applicable","Not Applicable","per person not applicable | per group not applicable",,,,,,,,,,,,,,,,,,,,,"$0 ","$0 per person | $0 per group",0.00%,,,,"Not Applicable","per person not applicable | per group not applicable","Not Applicable","per person not applicable | per group not applicable","$0 ","$0 ","$0 ","$60 ","$0 ","$0 ","$0 ","$0 ",99%,"Not Applicable",No,"UHC Gold-A Advantage ($0 Virtual Urgent Care + $0 PCP Visits, $0 Tier 2 Rx, No Referrals)","$0 ","$0 ","$0 ","$0 "
2025,NJ,,37777,SERFF,1,1/13/2025,,Individual,No,,37777NJ0100007,"UHC Gold Advantage ($0 Virtual Urgent Care, $5 Tier 2 Rx, No Referrals)",37777NJ010,,NJN011,NJS011,NJF006,Existing,EPO,Gold,Yes,Both,No,No,,"Some exclusions may apply. See the applicable Certificate of Coverage for details.",No,,,"Allows Adult and Child-Only",,No,,,,,,,,1/1/2025,,No,,Yes,"Plan covers eligible expenses provided by a Network Physician or other provider or facility within the Network Area. The plan also covers emergency health care services received outside the service area.",No,,,,,37777NJ0100007-03,"Limited Cost Sharing Plan Variation",80.33%,,Yes,Yes,No,100%,,,,,,,,,,,,,,,,,,"$6,500 ","$6500 per person | $13000 per group",,,"Not Applicable","per person not applicable | per group not applicable","Not Applicable","per person not applicable | per group not applicable",,,,,,,,,,,,,,,,,,,,,"$1,500 ","$1500 per person | $3000 per group",20.00%,,,,"Not Applicable","per person not applicable | per group not applicable","Not Applicable","per person not applicable | per group not applicable","$0 ","$0 ","$0 ","$60 ","$0 ","$0 ","$0 ","$0 ",99%,"Not Applicable",No,"UHC Gold-B Advantage ($0 Virtual Urgent Care, $5 Tier 2 Rx, No Referrals)","$0 ","$0 ","$0 ","$0 "
2025,NJ,,37777,SERFF,1,1/13/2025,,Individual,No,,37777NJ0100008,"UHC Bronze Value ($0 Virtual Urgent Care, No Referrals)",37777NJ010,,NJN011,NJS011,NJF001,New,EPO,"Expanded Bronze",Yes,Both,No,No,,"Some exclusions may apply. See the applicable Certificate of Coverage for details.",No,,,"Allows Adult and Child-Only",,No,,,,,,,,1/1/2025,,No,,Yes,"Plan covers eligible expenses provided by a Network Physician or other provider or facility within the Network Area. The plan also covers emergency health care services received outside the service area.",No,,,,,37777NJ0100008-01,"Standard Bronze On Exchange Plan",64.18%,,Yes,Yes,No,100%,,,,,,,,,,,,,,,,,,"$9,200 ","$9200 per person | $18400 per group",,,"Not Applicable","per person not applicable | per group not applicable","Not Applicable","per person not applicable | per group not applicable",,,,,,,,,,,,,,,,,,,,,"$3,000 ","$3000 per person | $6000 per group",50.00%,,,,"Not Applicable","per person not applicable | per group not applicable","Not Applicable","per person not applicable | per group not applicable","$3,000 ","$0 ","$4,100 ","$60 ","$600 ","$200 ","$0 ","$0 ",99%,"Not Applicable",No,"UHC Bronze Value ($0 Virtual Urgent Care, No Referrals)","$2,800 ","$50 ","$0 ","$0 "
2025,NJ,,37777,SERFF,1,1/13/2025,,Individual,No,,37777NJ0100008,"UHC Bronze Value ($0 Virtual Urgent Care, No Referrals)",37777NJ010,,NJN011,NJS011,NJF001,New,EPO,"Expanded Bronze",Yes,Both,No,No,,"Some exclusions may apply. See the applicable Certificate of Coverage for details.",No,,,"Allows Adult and Child-Only",,No,,,,,,,,1/1/2025,,No,,Yes,"Plan covers eligible expenses provided by a Network Physician or other provider or facility within the Network Area. The plan also covers emergency health care services received outside the service area.",No,,,,,37777NJ0100008-02,"Zero Cost Sharing Plan Variation",100.00%,,Yes,Yes,No,100%,,,,,,,,,,,,,,,,,,"$0 ","$0 per person | $0 per group",,,"Not Applicable","per person not applicable | per group not applicable","Not Applicable","per person not applicable | per group not applicable",,,,,,,,,,,,,,,,,,,,,"$0 ","$0 per person | $0 per group",0.00%,,,,"Not Applicable","per person not applicable | per group not applicable","Not Applicable","per person not applicable | per group not applicable","$0 ","$0 ","$0 ","$60 ","$0 ","$0 ","$0 ","$0 ",99%,"Not Applicable",No,"UHC Bronze-A Value ($0 Virtual Urgent Care + $0 PCP Visits, $0 Tier 2 Rx, No Referrals)","$0 ","$0 ","$0 ","$0 "
2025,NJ,,37777,SERFF,1,1/13/2025,,Individual,No,,37777NJ0100008,"UHC Bronze Value ($0 Virtual Urgent Care, No Referrals)",37777NJ010,,NJN011,NJS011,NJF001,New,EPO,"Expanded Bronze",Yes,Both,No,No,,"Some exclusions may apply. See the applicable Certificate of Coverage for details.",No,,,"Allows Adult and Child-Only",,No,,,,,,,,1/1/2025,,No,,Yes,"Plan covers eligible expenses provided by a Network Physician or other provider or facility within the Network Area. The plan also covers emergency health care services received outside the service area.",No,,,,,37777NJ0100008-03,"Limited Cost Sharing Plan Variation",64.18%,,Yes,Yes,No,100%,,,,,,,,,,,,,,,,,,"$9,200 ","$9200 per person | $18400 per group",,,"Not Applicable","per person not applicable | per group not applicable","Not Applicable","per person not applicable | per group not applicable",,,,,,,,,,,,,,,,,,,,,"$3,000 ","$3000 per person | $6000 per group",50.00%,,,,"Not Applicable","per person not applicable | per group not applicable","Not Applicable","per person not applicable | per group not applicable","$0 ","$0 ","$0 ","$60 ","$0 ","$0 ","$0 ","$0 ",99%,"Not Applicable",No,"UHC Bronze-B Value ($0 Virtual Urgent Care, No Referrals)","$0 ","$0 ","$0 ","$0 "
2025,NJ,,37777,SERFF,1,1/13/2025,,Individual,No,,37777NJ0100009,"UHC Silver Advantage ($0 Virtual Urgent Care, No Referrals)",37777NJ010,,NJN011,NJS011,NJF003,New,EPO,Silver,Yes,Both,No,No,,"Some exclusions may apply. See the applicable Certificate of Coverage for details.",No,,,"Allows Adult and Child-Only",,No,,,,,,,,1/1/2025,,No,,Yes,"Plan covers eligible expenses provided by a Network Physician or other provider or facility within the Network Area. The plan also covers emergency health care services received outside the service area.",No,,,,,37777NJ0100009-01,"Standard Silver On Exchange Plan",70.03%,,Yes,Yes,No,100%,,,,,,,,,,,,,,,,,,"$9,200 ","$9200 per person | $18400 per group",,,"Not Applicable","per person not applicable | per group not applicable","Not Applicable","per person not applicable | per group not applicable",,,,,,,,,,,,,,,,,,,,,"$2,500 ","$2500 per person | $5000 per group",40.00%,,,,"Not Applicable","per person not applicable | per group not applicable","Not Applicable","per person not applicable | per group not applicable","$2,500 ","$60 ","$3,400 ","$60 ","$300 ","$200 ","$0 ","$0 ",99%,"Not Applicable",No,"UHC Silver Advantage ($0 Virtual Urgent Care, No Referrals)","$2,600 ","$90 ","$0 ","$0 "
2025,NJ,,37777,SERFF,1,1/13/2025,,Individual,No,,37777NJ0100009,"UHC Silver Advantage ($0 Virtual Urgent Care, No Referrals)",37777NJ010,,NJN011,NJS011,NJF003,New,EPO,Silver,Yes,Both,No,No,,"Some exclusions may apply. See the applicable Certificate of Coverage for details.",No,,,"Allows Adult and Child-Only",,No,,,,,,,,1/1/2025,,No,,Yes,"Plan covers eligible expenses provided by a Network Physician or other provider or facility within the Network Area. The plan also covers emergency health care services received outside the service area.",No,,,,,37777NJ0100009-02,"Zero Cost Sharing Plan Variation",100.00%,,Yes,Yes,No,100%,,,,,,,,,,,,,,,,,,"$0 ","$0 per person | $0 per group",,,"Not Applicable","per person not applicable | per group not applicable","Not Applicable","per person not applicable | per group not applicable",,,,,,,,,,,,,,,,,,,,,"$0 ","$0 per person | $0 per group",0.00%,,,,"Not Applicable","per person not applicable | per group not applicable","Not Applicable","per person not applicable | per group not applicable","$0 ","$0 ","$0 ","$60 ","$0 ","$0 ","$0 ","$0 ",99%,"Not Applicable",No,"UHC Silver-A Advantage ($0 Virtual Urgent Care + $0 PCP Visits, $0 Tier 2 Rx, No Referrals)","$0 ","$0 ","$0 ","$0 "
2025,NJ,,37777,SERFF,1,1/13/2025,,Individual,No,,37777NJ0100009,"UHC Silver Advantage ($0 Virtual Urgent Care, No Referrals)",37777NJ010,,NJN011,NJS011,NJF003,New,EPO,Silver,Yes,Both,No,No,,"Some exclusions may apply. See the applicable Certificate of Coverage for details.",No,,,"Allows Adult and Child-Only",,No,,,,,,,,1/1/2025,,No,,Yes,"Plan covers eligible expenses provided by a Network Physician or other provider or facility within the Network Area. The plan also covers emergency health care services received outside the service area.",No,,,,,37777NJ0100009-03,"Limited Cost Sharing Plan Variation",70.03%,,Yes,Yes,No,100%,,,,,,,,,,,,,,,,,,"$9,200 ","$9200 per person | $18400 per group",,,"Not Applicable","per person not applicable | per group not applicable","Not Applicable","per person not applicable | per group not applicable",,,,,,,,,,,,,,,,,,,,,"$2,500 ","$2500 per person | $5000 per group",40.00%,,,,"Not Applicable","per person not applicable | per group not applicable","Not Applicable","per person not applicable | per group not applicable","$0 ","$0 ","$0 ","$60 ","$0 ","$0 ","$0 ","$0 ",99%,"Not Applicable",No,"UHC Silver-B Advantage ($0 Virtual Urgent Care, No Referrals)","$0 ","$0 ","$0 ","$0 "
2025,NJ,,37777,SERFF,1,1/13/2025,,Individual,No,,37777NJ0100009,"UHC Silver Advantage ($0 Virtual Urgent Care, No Referrals)",37777NJ010,,NJN011,NJS011,NJF003,New,EPO,Silver,Yes,Both,No,No,,"Some exclusions may apply. See the applicable Certificate of Coverage for details.",No,,,"Allows Adult and Child-Only",,No,,,,,,,,1/1/2025,,No,,Yes,"Plan covers eligible expenses provided by a Network Physician or other provider or facility within the Network Area. The plan also covers emergency health care services received outside the service area.",No,,,,,37777NJ0100009-04,"73% AV Level Silver Plan",73.01%,,Yes,Yes,No,100%,,,,,,,,,,,,,,,,,,"$7,350 ","$7350 per person | $14700 per group",,,"Not Applicable","per person not applicable | per group not applicable","Not Applicable","per person not applicable | per group not applicable",,,,,,,,,,,,,,,,,,,,,"$2,500 ","$2500 per person | $5000 per group",40.00%,,,,"Not Applicable","per person not applicable | per group not applicable","Not Applicable","per person not applicable | per group not applicable","$2,500 ","$30 ","$3,400 ","$60 ","$300 ","$200 ","$0 ","$0 ",99%,"Not Applicable",No,"UHC Silver-E Advantage ($0 Virtual Urgent Care, No Referrals)","$2,600 ","$80 ","$0 ","$0 "
2025,NJ,,37777,SERFF,1,1/13/2025,,Individual,No,,37777NJ0100009,"UHC Silver Advantage ($0 Virtual Urgent Care, No Referrals)",37777NJ010,,NJN011,NJS011,NJF003,New,EPO,Silver,Yes,Both,No,No,,"Some exclusions may apply. See the applicable Certificate of Coverage for details.",No,,,"Allows Adult and Child-Only",,No,,,,,,,,1/1/2025,,No,,Yes,"Plan covers eligible expenses provided by a Network Physician or other provider or facility within the Network Area. The plan also covers emergency health care services received outside the service area.",No,,,,,37777NJ0100009-05,"87% AV Level Silver Plan",87.03%,,Yes,Yes,No,100%,,,,,,,,,,,,,,,,,,"$3,050 ","$3050 per person | $6100 per group",,,"Not Applicable","per person not applicable | per group not applicable","Not Applicable","per person not applicable | per group not applicable",,,,,,,,,,,,,,,,,,,,,"$1,000 ","$1000 per person | $2000 per group",25.00%,,,,"Not Applicable","per person not applicable | per group not applicable","Not Applicable","per person not applicable | per group not applicable","$1,000 ","$50 ","$2,000 ","$60 ","$300 ","$100 ","$0 ","$0 ",99%,"Not Applicable",No,"UHC Silver-D Advantage ($0 Virtual Urgent Care, $2 Tier 2 Rx, No Referrals)","$1,100 ","$50 ","$300 ","$0 "
2025,NJ,,37777,SERFF,1,1/13/2025,,Individual,No,,37777NJ0100009,"UHC Silver Advantage ($0 Virtual Urgent Care, No Referrals)",37777NJ010,,NJN011,NJS011,NJF003,New,EPO,Silver,Yes,Both,No,No,,"Some exclusions may apply. See the applicable Certificate of Coverage for details.",No,,,"Allows Adult and Child-Only",,No,,,,,,,,1/1/2025,,No,,Yes,"Plan covers eligible expenses provided by a Network Physician or other provider or facility within the Network Area. The plan also covers emergency health care services received outside the service area.",No,,,,,37777NJ0100009-06,"94% AV Level Silver Plan",94.03%,,Yes,Yes,No,100%,,,,,,,,,,,,,,,,,,"$1,500 ","$1500 per person | $3000 per group",,,"Not Applicable","per person not applicable | per group not applicable","Not Applicable","per person not applicable | per group not applicable",,,,,,,,,,,,,,,,,,,,,"$175 ","$175 per person | $350 per group",5.00%,,,,"Not Applicable","per person not applicable | per group not applicable","Not Applicable","per person not applicable | per group not applicable","$175 ","$60 ","$500 ","$60 ","$175 ","$100 ","$10 ","$0 ",99%,"Not Applicable",No,"UHC Silver-C Advantage ($0 Virtual Urgent Care, $1 Tier 2 Rx, No Referrals)","$175 ","$30 ","$100 ","$0 "
2025,NJ,,37777,SERFF,1,1/13/2025,,Individual,Yes,,37777NJ0120001,"Smile Now New Jersey - No Waiting Period PPO",37777NJ012,,NJN017,NJS017,,Existing,PPO,High,,Both,,,,,,,,"Allows Adult and Child-Only",,No,,100%,"Guaranteed Rate",,,,,1/1/2025,12/31/2025,Yes,"Available only for emergency services to treat an Emergency Condition.",Yes,"National Network of providers is available and members may also receive services at out of network providers.",Yes,,,,,37777NJ0120001-01,"Standard High On Exchange Plan",,,,,No,100%,,"$400 ","$400 per person | $800 per group",,,"Not Applicable","per person not applicable | per group not applicable","Not Applicable","per person not applicable | per group not applicable",,,,,,,,,,,,,,,,,"$60 ","$60 per person | per group not applicable",,,,,"$60 ","$60 per person | per group not applicable","$60 ","$60 per person | per group not applicable",,,,,,,,,,,,,,,,,,,,,,,,,,,,,,,No,"Smile Now New Jersey - No Waiting Period PPO",,,,
2025,NJ,,37777,SERFF,1,1/13/2025,,Individual,Yes,,37777NJ0130001,"EssentialSmile New Jersey - Total Care",37777NJ013,,NJN016,NJS016,,Existing,EPO,High,,Both,,,,,,,,"Allows Adult and Child-Only",,No,,100%,"Guaranteed Rate",,,,,1/1/2025,12/31/2025,No,,Yes,"Only for palliative care where a network provider is not available.",No,,,,,37777NJ0130001-01,"Standard High On Exchange Plan",,,,,No,100%,,"$400 ","$400 per person | $800 per group",,,"Not Applicable","per person not applicable | per group not applicable","Not Applicable","per person not applicable | per group not applicable",,,,,,,,,,,,,,,,,"$30 ","$30 per person | per group not applicable",,,,,"Not Applicable","per person not applicable | per group not applicable","Not Applicable","per person not applicable | per group not applicable",,,,,,,,,,,,,,,,,,,,,,,,,,,,,,,No,"EssentialSmile New Jersey - Total Care",,,,
2025,NJ,,48608,SERFF,1,1/13/2025,,Individual,Yes,,48608NJ0010007,"Dentegra Dental PPO Family Basic Plan",48608NJ001,,NJN001,NJS001,,Existing,PPO,Low,,Both,,,,,,,,"Allows Adult and Child-Only",,No,,100%,"Guaranteed Rate",,,,,1/1/2025,12/31/2025,No,,Yes,"Nationwide Network",Yes,,,,,48608NJ0010007-01,"Standard Low On Exchange Plan",,,,,No,100%,,"$425 ","$425 per person | $850 per group",,,"Not Applicable","per person not applicable | per group not applicable","Not Applicable","per person not applicable | per group not applicable",,,,,,,,,,,,,,,,,"$60 ","$60 per person | per group not applicable",,,,,"$60 ","$60 per person | per group not applicable","$60 ","$60 per person | per group not applicable",,,,,,,,,,,,,,,,,,,,,,,,,,,,,,,No,"Dentegra Dental PPO Family Basic Plan",,,,
2025,NJ,,48608,SERFF,1,1/13/2025,,Individual,Yes,,48608NJ0010008,"Dentegra Dental PPO Family Preferred Plan",48608NJ001,,NJN001,NJS001,,Existing,PPO,High,,Both,,,,,,,,"Allows Adult and Child-Only",,No,,100%,"Guaranteed Rate",,,,,1/1/2025,12/31/2025,No,,Yes,"Nationwide Network",Yes,,,,,48608NJ0010008-01,"Standard High On Exchange Plan",,,,,No,100%,,"$425 ","$425 per person | $850 per group",,,"Not Applicable","per person not applicable | per group not applicable","Not Applicable","per person not applicable | per group not applicable",,,,,,,,,,,,,,,,,"$50 ","$50 per person | per group not applicable",,,,,"$50 ","$50 per person | per group not applicable","$50 ","$50 per person | per group not applicable",,,,,,,,,,,,,,,,,,,,,,,,,,,,,,,No,"Dentegra Dental PPO Family Preferred Plan",,,,
2025,NJ,,89217,SERFF,1,1/13/2025,,Individual,No,,89217NJ0130001,"Bronze 1 Advanced: Aetna Whole Health network + $0 MinuteClinic + $0 CVS Health Virtual Primary Care",89217NJ013,,NJN001,NJS001,NJF004,Existing,EPO,"Expanded Bronze",Yes,Both,No,No,,,No,,,"Allows Adult and Child-Only",,Yes,"Pregnancy, High Blood Pressure & High Cholesterol, Pain Management, Depression, Low Back Pain, Diabetes, Heart Disease, Asthma",,,,,,,1/1/2025,,No,,No,"Except for Emergencies",No,,,,,89217NJ0130001-01,"Standard Bronze On Exchange Plan",63.76%,,Yes,Yes,No,100%,,,,,,,,,,,,,,,,,,"$9,100 ","$9100 per person | $18200 per group",,,"Not Applicable","per person not applicable | per group not applicable","Not Applicable","per person not applicable | per group not applicable",,,,,,,,,,,,,,,,,,,,,"$3,000 ","$3000 per person | $6000 per group",50.00%,,,,"Not Applicable","per person not applicable | per group not applicable","Not Applicable","per person not applicable | per group not applicable","$3,000 ","$40 ","$4,200 ","$60 ","$3,000 ","$600 ","$500 ","$20 ",99%,"Not Applicable",No,"Bronze 1 Advanced: Aetna Whole Health network + $0 MinuteClinic + $0 CVS Health Virtual Primary Care","$2,800 ","$10 ","$0 ","$0 "
2025,NJ,,89217,SERFF,1,1/13/2025,,Individual,No,,89217NJ0130001,"Bronze 1 Advanced: Aetna Whole Health network + $0 MinuteClinic + $0 CVS Health Virtual Primary Care",89217NJ013,,NJN001,NJS001,NJF004,Existing,EPO,"Expanded Bronze",Yes,Both,No,No,,,No,,,"Allows Adult and Child-Only",,Yes,"Pregnancy, High Blood Pressure & High Cholesterol, Pain Management, Depression, Low Back Pain, Diabetes, Heart Disease, Asthma",,,,,,,1/1/2025,,No,,No,"Except for Emergencies",No,,,,,89217NJ0130001-02,"Zero Cost Sharing Plan Variation",100.00%,,Yes,Yes,No,100%,,,,,,,,,,,,,,,,,,"$0 ","$0 per person | $0 per group",,,"Not Applicable","per person not applicable | per group not applicable","Not Applicable","per person not applicable | per group not applicable",,,,,,,,,,,,,,,,,,,,,"$0 ","$0 per person | $0 per group",0.00%,,,,"Not Applicable","per person not applicable | per group not applicable","Not Applicable","per person not applicable | per group not applicable","$0 ","$0 ","$0 ","$60 ","$0 ","$0 ","$0 ","$20 ",99%,"Not Applicable",No,"Bronze 1 Advanced: Aetna Whole Health network + $0 MinuteClinic + $0 CVS Health Virtual Primary Care","$0 ","$0 ","$0 ","$0 "
2025,NJ,,89217,SERFF,1,1/13/2025,,Individual,No,,89217NJ0130001,"Bronze 1 Advanced: Aetna Whole Health network + $0 MinuteClinic + $0 CVS Health Virtual Primary Care",89217NJ013,,NJN001,NJS001,NJF004,Existing,EPO,"Expanded Bronze",Yes,Both,No,No,,,No,,,"Allows Adult and Child-Only",,Yes,"Pregnancy, High Blood Pressure & High Cholesterol, Pain Management, Depression, Low Back Pain, Diabetes, Heart Disease, Asthma",,,,,,,1/1/2025,,No,,No,"Except for Emergencies",No,,,,,89217NJ0130001-03,"Limited Cost Sharing Plan Variation",63.76%,,Yes,Yes,No,100%,,,,,,,,,,,,,,,,,,"$9,100 ","$9100 per person | $18200 per group",,,"Not Applicable","per person not applicable | per group not applicable","Not Applicable","per person not applicable | per group not applicable",,,,,,,,,,,,,,,,,,,,,"$3,000 ","$3000 per person | $6000 per group",50.00%,,,,"Not Applicable","per person not applicable | per group not applicable","Not Applicable","per person not applicable | per group not applicable","$3,000 ","$40 ","$4,200 ","$60 ","$3,000 ","$600 ","$500 ","$20 ",99%,"Not Applicable",No,"Bronze 1 Advanced: Aetna Whole Health network + $0 MinuteClinic + $0 CVS Health Virtual Primary Care","$2,800 ","$10 ","$0 ","$0 "
2025,NJ,,89217,SERFF,1,1/13/2025,,Individual,No,,89217NJ0130002,"Bronze 2 Advanced HSA: Aetna Whole Health network + MinuteClinic + Virtual Primary Care",89217NJ013,,NJN001,NJS001,NJF005,Existing,EPO,"Expanded Bronze",Yes,Both,No,No,,,Yes,,,"Allows Adult and Child-Only",,Yes,"Pregnancy, High Blood Pressure & High Cholesterol, Pain Management, Depression, Low Back Pain, Diabetes, Heart Disease, Asthma",,,,,,,1/1/2025,,No,,No,"Except for Emergencies",No,,,,,89217NJ0130002-01,"Standard Bronze On Exchange Plan",63.40%,,Yes,Yes,No,100%,,,,,,,,,,,,,,,,,,"$7,500 ","$7500 per person | $15000 per group",,,"Not Applicable","per person not applicable | per group not applicable","Not Applicable","per person not applicable | per group not applicable",,,,,,,,,,,,,,,,,,,,,"$6,000 ","$6000 per person | $12000 per group",50.00%,,,,"Not Applicable","per person not applicable | per group not applicable","Not Applicable","per person not applicable | per group not applicable","$6,000 ","$0 ","$1,500 ","$60 ","$5,400 ","$0 ","$0 ","$20 ",99%,"Not Applicable",No,"Bronze 2 Advanced HSA: Aetna Whole Health network + MinuteClinic + Virtual Primary Care","$2,800 ","$0 ","$0 ","$0 "
2025,NJ,,89217,SERFF,1,1/13/2025,,Individual,No,,89217NJ0130002,"Bronze 2 Advanced HSA: Aetna Whole Health network + MinuteClinic + Virtual Primary Care",89217NJ013,,NJN001,NJS001,NJF005,Existing,EPO,"Expanded Bronze",Yes,Both,No,No,,,No,,,"Allows Adult and Child-Only",,Yes,"Pregnancy, High Blood Pressure & High Cholesterol, Pain Management, Depression, Low Back Pain, Diabetes, Heart Disease, Asthma",,,,,,,1/1/2025,,No,,No,"Except for Emergencies",No,,,,,89217NJ0130002-02,"Zero Cost Sharing Plan Variation",100.00%,,Yes,Yes,No,100%,,,,,,,,,,,,,,,,,,"$0 ","$0 per person | $0 per group",,,"Not Applicable","per person not applicable | per group not applicable","Not Applicable","per person not applicable | per group not applicable",,,,,,,,,,,,,,,,,,,,,"$0 ","$0 per person | $0 per group",0.00%,,,,"Not Applicable","per person not applicable | per group not applicable","Not Applicable","per person not applicable | per group not applicable","$0 ","$0 ","$0 ","$60 ","$0 ","$0 ","$0 ","$20 ",99%,"Not Applicable",No,"Bronze 2 Advanced: Aetna Whole Health network + MinuteClinic + Virtual Primary Care","$0 ","$0 ","$0 ","$0 "
2025,NJ,,89217,SERFF,1,1/13/2025,,Individual,No,,89217NJ0130002,"Bronze 2 Advanced HSA: Aetna Whole Health network + MinuteClinic + Virtual Primary Care",89217NJ013,,NJN001,NJS001,NJF005,Existing,EPO,"Expanded Bronze",Yes,Both,No,No,,,No,,,"Allows Adult and Child-Only",,Yes,"Pregnancy, High Blood Pressure & High Cholesterol, Pain Management, Depression, Low Back Pain, Diabetes, Heart Disease, Asthma",,,,,,,1/1/2025,,No,,No,"Except for Emergencies",No,,,,,89217NJ0130002-03,"Limited Cost Sharing Plan Variation",63.40%,,Yes,Yes,No,100%,,,,,,,,,,,,,,,,,,"$7,500 ","$7500 per person | $15000 per group",,,"Not Applicable","per person not applicable | per group not applicable","Not Applicable","per person not applicable | per group not applicable",,,,,,,,,,,,,,,,,,,,,"$6,000 ","$6000 per person | $12000 per group",50.00%,,,,"Not Applicable","per person not applicable | per group not applicable","Not Applicable","per person not applicable | per group not applicable","$6,000 ","$0 ","$1,500 ","$60 ","$5,400 ","$0 ","$0 ","$20 ",99%,"Not Applicable",No,"Bronze 2 Advanced: Aetna Whole Health network + MinuteClinic + Virtual Primary Care","$2,800 ","$0 ","$0 ","$0 "
2025,NJ,,89217,SERFF,1,1/13/2025,,Individual,No,,89217NJ0130003,"Gold 1 Advanced: Aetna Whole Health network + $0 MinuteClinic + $0 CVS Health Virtual Primary Care",89217NJ013,,NJN001,NJS001,NJF003,Existing,EPO,Gold,Yes,Both,No,No,,,No,,,"Allows Adult and Child-Only",,Yes,"Pregnancy, High Blood Pressure & High Cholesterol, Pain Management, Depression, Low Back Pain, Diabetes, Heart Disease, Asthma",,,,,,,1/1/2025,,No,,No,"Except for Emergencies",No,,,,,89217NJ0130003-01,"Standard Gold On Exchange Plan",79.95%,,Yes,Yes,No,100%,,,,,,,,,,,,,,,,,,"$7,250 ","$7250 per person | $14500 per group",,,"Not Applicable","per person not applicable | per group not applicable","Not Applicable","per person not applicable | per group not applicable",,,,,,,,,,,,,,,,,,,,,"$1,500 ","$1500 per person | $3000 per group",20.00%,,,,"Not Applicable","per person not applicable | per group not applicable","Not Applicable","per person not applicable | per group not applicable","$1,500 ","$200 ","$1,700 ","$60 ","$0 ","$1,300 ","$0 ","$20 ",99%,"Not Applicable",No,"Gold 1 Advanced: Aetna Whole Health network + $0 MinuteClinic + $0 CVS Health Virtual Primary Care","$1,500 ","$100 ","$200 ","$0 "
2025,NJ,,89217,SERFF,1,1/13/2025,,Individual,No,,89217NJ0130003,"Gold 1 Advanced: Aetna Whole Health network + $0 MinuteClinic + $0 CVS Health Virtual Primary Care",89217NJ013,,NJN001,NJS001,NJF003,Existing,EPO,Gold,Yes,Both,No,No,,,No,,,"Allows Adult and Child-Only",,Yes,"Pregnancy, High Blood Pressure & High Cholesterol, Pain Management, Depression, Low Back Pain, Diabetes, Heart Disease, Asthma",,,,,,,1/1/2025,,No,,No,"Except for Emergencies",No,,,,,89217NJ0130003-02,"Zero Cost Sharing Plan Variation",100.00%,,Yes,Yes,No,100%,,,,,,,,,,,,,,,,,,"$0 ","$0 per person | $0 per group",,,"Not Applicable","per person not applicable | per group not applicable","Not Applicable","per person not applicable | per group not applicable",,,,,,,,,,,,,,,,,,,,,"$0 ","$0 per person | $0 per group",0.00%,,,,"Not Applicable","per person not applicable | per group not applicable","Not Applicable","per person not applicable | per group not applicable","$0 ","$0 ","$0 ","$60 ","$0 ","$0 ","$0 ","$20 ",99%,"Not Applicable",No,"Gold 1 Advanced: Aetna Whole Health network + $0 MinuteClinic + $0 CVS Health Virtual Primary Care","$0 ","$0 ","$0 ","$0 "
2025,NJ,,89217,SERFF,1,1/13/2025,,Individual,No,,89217NJ0130003,"Gold 1 Advanced: Aetna Whole Health network + $0 MinuteClinic + $0 CVS Health Virtual Primary Care",89217NJ013,,NJN001,NJS001,NJF003,Existing,EPO,Gold,Yes,Both,No,No,,,No,,,"Allows Adult and Child-Only",,Yes,"Pregnancy, High Blood Pressure & High Cholesterol, Pain Management, Depression, Low Back Pain, Diabetes, Heart Disease, Asthma",,,,,,,1/1/2025,,No,,No,"Except for Emergencies",No,,,,,89217NJ0130003-03,"Limited Cost Sharing Plan Variation",79.95%,,Yes,Yes,No,100%,,,,,,,,,,,,,,,,,,"$7,250 ","$7250 per person | $14500 per group",,,"Not Applicable","per person not applicable | per group not applicable","Not Applicable","per person not applicable | per group not applicable",,,,,,,,,,,,,,,,,,,,,"$1,500 ","$1500 per person | $3000 per group",20.00%,,,,"Not Applicable","per person not applicable | per group not applicable","Not Applicable","per person not applicable | per group not applicable","$1,500 ","$200 ","$1,700 ","$60 ","$0 ","$1,300 ","$0 ","$20 ",99%,"Not Applicable",No,"Gold 1 Advanced: Aetna Whole Health network + $0 MinuteClinic + $0 CVS Health Virtual Primary Care","$1,500 ","$100 ","$200 ","$0 "
2025,NJ,,89217,SERFF,1,1/13/2025,,Individual,No,,89217NJ0130004,"Silver 1 Advanced: Aetna Whole Health network + $0 MinuteClinic + $0 CVS Health Virtual Primary Care",89217NJ013,,NJN001,NJS001,NJF001,Existing,EPO,Silver,Yes,Both,No,No,,,No,,,"Allows Adult and Child-Only",,Yes,"Pregnancy, High Blood Pressure & High Cholesterol, Pain Management, Depression, Low Back Pain, Diabetes, Heart Disease, Asthma",,,,,,,1/1/2025,,No,,No,"Except for Emergencies",No,,,,,89217NJ0130004-01,"Standard Silver On Exchange Plan",70.33%,,Yes,Yes,No,100%,,,,,,,,,,,,,,,,,,"$8,850 ","$8850 per person | $17700 per group",,,"Not Applicable","per person not applicable | per group not applicable","Not Applicable","per person not applicable | per group not applicable",,,,,,,,,,,,,,,,,,,,,"$2,350 ","$2350 per person | $4700 per group",40.00%,,,,"Not Applicable","per person not applicable | per group not applicable","Not Applicable","per person not applicable | per group not applicable","$2,350 ","$300 ","$3,100 ","$60 ","$0 ","$1,800 ","$0 ","$20 ",99%,"Not Applicable",No,"Silver 1 Advanced: Aetna Whole Health network + $0 MinuteClinic + $0 CVS Health Virtual Primary Care","$2,300 ","$200 ","$0 ","$0 "
2025,NJ,,89217,SERFF,1,1/13/2025,,Individual,No,,89217NJ0130004,"Silver 1 Advanced: Aetna Whole Health network + $0 MinuteClinic + $0 CVS Health Virtual Primary Care",89217NJ013,,NJN001,NJS001,NJF001,Existing,EPO,Silver,Yes,Both,No,No,,,No,,,"Allows Adult and Child-Only",,Yes,"Pregnancy, High Blood Pressure & High Cholesterol, Pain Management, Depression, Low Back Pain, Diabetes, Heart Disease, Asthma",,,,,,,1/1/2025,,No,,No,"Except for Emergencies",No,,,,,89217NJ0130004-02,"Zero Cost Sharing Plan Variation",100.00%,,Yes,Yes,No,100%,,,,,,,,,,,,,,,,,,"$0 ","$0 per person | $0 per group",,,"Not Applicable","per person not applicable | per group not applicable","Not Applicable","per person not applicable | per group not applicable",,,,,,,,,,,,,,,,,,,,,"$0 ","$0 per person | $0 per group",0.00%,,,,"Not Applicable","per person not applicable | per group not applicable","Not Applicable","per person not applicable | per group not applicable","$0 ","$0 ","$0 ","$60 ","$0 ","$0 ","$0 ","$20 ",99%,"Not Applicable",No,"Silver 1 Advanced: Aetna Whole Health network + $0 MinuteClinic + $0 CVS Health Virtual Primary Care","$0 ","$0 ","$0 ","$0 "
2025,NJ,,89217,SERFF,1,1/13/2025,,Individual,No,,89217NJ0130004,"Silver 1 Advanced: Aetna Whole Health network + $0 MinuteClinic + $0 CVS Health Virtual Primary Care",89217NJ013,,NJN001,NJS001,NJF001,Existing,EPO,Silver,Yes,Both,No,No,,,No,,,"Allows Adult and Child-Only",,Yes,"Pregnancy, High Blood Pressure & High Cholesterol, Pain Management, Depression, Low Back Pain, Diabetes, Heart Disease, Asthma",,,,,,,1/1/2025,,No,,No,"Except for Emergencies",No,,,,,89217NJ0130004-03,"Limited Cost Sharing Plan Variation",70.33%,,Yes,Yes,No,100%,,,,,,,,,,,,,,,,,,"$8,850 ","$8850 per person | $17700 per group",,,"Not Applicable","per person not applicable | per group not applicable","Not Applicable","per person not applicable | per group not applicable",,,,,,,,,,,,,,,,,,,,,"$2,350 ","$2350 per person | $4700 per group",40.00%,,,,"Not Applicable","per person not applicable | per group not applicable","Not Applicable","per person not applicable | per group not applicable","$2,350 ","$300 ","$3,100 ","$60 ","$0 ","$1,800 ","$0 ","$20 ",99%,"Not Applicable",No,"Silver 1 Advanced: Aetna Whole Health network + $0 MinuteClinic + $0 CVS Health Virtual Primary Care","$2,300 ","$200 ","$0 ","$0 "
2025,NJ,,89217,SERFF,1,1/13/2025,,Individual,No,,89217NJ0130004,"Silver 1 Advanced: Aetna Whole Health network + $0 MinuteClinic + $0 CVS Health Virtual Primary Care",89217NJ013,,NJN001,NJS001,NJF001,Existing,EPO,Silver,Yes,Both,No,No,,,No,,,"Allows Adult and Child-Only",,Yes,"Pregnancy, High Blood Pressure & High Cholesterol, Pain Management, Depression, Low Back Pain, Diabetes, Heart Disease, Asthma",,,,,,,1/1/2025,,No,,No,"Except for Emergencies",No,,,,,89217NJ0130004-04,"73% AV Level Silver Plan",73.08%,,Yes,Yes,No,100%,,,,,,,,,,,,,,,,,,"$6,795 ","$6795 per person | $13590 per group",,,"Not Applicable","per person not applicable | per group not applicable","Not Applicable","per person not applicable | per group not applicable",,,,,,,,,,,,,,,,,,,,,"$2,100 ","$2100 per person | $4200 per group",40.00%,,,,"Not Applicable","per person not applicable | per group not applicable","Not Applicable","per person not applicable | per group not applicable","$2,100 ","$300 ","$3,200 ","$60 ","$0 ","$1,800 ","$0 ","$20 ",99%,"Not Applicable",No,"Silver 1 Advanced: Aetna Whole Health network + $0 MinuteClinic + $0 CVS Health Virtual Primary Care","$2,100 ","$200 ","$80 ","$0 "
2025,NJ,,89217,SERFF,1,1/13/2025,,Individual,No,,89217NJ0130004,"Silver 1 Advanced: Aetna Whole Health network + $0 MinuteClinic + $0 CVS Health Virtual Primary Care",89217NJ013,,NJN001,NJS001,NJF001,Existing,EPO,Silver,Yes,Both,No,No,,,No,,,"Allows Adult and Child-Only",,Yes,"Pregnancy, High Blood Pressure & High Cholesterol, Pain Management, Depression, Low Back Pain, Diabetes, Heart Disease, Asthma",,,,,,,1/1/2025,,No,,No,"Except for Emergencies",No,,,,,89217NJ0130004-05,"87% AV Level Silver Plan",87.49%,,Yes,Yes,No,100%,,,,,,,,,,,,,,,,,,"$2,445 ","$2445 per person | $4890 per group",,,"Not Applicable","per person not applicable | per group not applicable","Not Applicable","per person not applicable | per group not applicable",,,,,,,,,,,,,,,,,,,,,"$1,000 ","$1000 per person | $2000 per group",30.00%,,,,"Not Applicable","per person not applicable | per group not applicable","Not Applicable","per person not applicable | per group not applicable","$1,000 ","$200 ","$1,300 ","$60 ","$0 ","$1,000 ","$0 ","$20 ",99%,"Not Applicable",No,"Silver 1 Advanced: Aetna Whole Health network + $0 MinuteClinic + $0 CVS Health Virtual Primary Care","$1,000 ","$90 ","$400 ","$0 "
2025,NJ,,89217,SERFF,1,1/13/2025,,Individual,No,,89217NJ0130004,"Silver 1 Advanced: Aetna Whole Health network + $0 MinuteClinic + $0 CVS Health Virtual Primary Care",89217NJ013,,NJN001,NJS001,NJF001,Existing,EPO,Silver,Yes,Both,No,No,,,No,,,"Allows Adult and Child-Only",,Yes,"Pregnancy, High Blood Pressure & High Cholesterol, Pain Management, Depression, Low Back Pain, Diabetes, Heart Disease, Asthma",,,,,,,1/1/2025,,No,,No,"Except for Emergencies",No,,,,,89217NJ0130004-06,"94% AV Level Silver Plan",94.79%,,Yes,Yes,No,100%,,,,,,,,,,,,,,,,,,"$1,250 ","$1250 per person | $2500 per group",,,"Not Applicable","per person not applicable | per group not applicable","Not Applicable","per person not applicable | per group not applicable",,,,,,,,,,,,,,,,,,,,,"$100 ","$100 per person | $200 per group",20.00%,,,,"Not Applicable","per person not applicable | per group not applicable","Not Applicable","per person not applicable | per group not applicable","$100 ","$90 ","$1,100 ","$60 ","$0 ","$400 ","$0 ","$20 ",99%,"Not Applicable",No,"Silver 1 Advanced: Aetna Whole Health network + $0 MinuteClinic + $0 CVS Health Virtual Primary Care","$100 ","$10 ","$400 ","$0 "
2025,NJ,,89217,SERFF,1,1/13/2025,,Individual,No,,89217NJ0130005,"Silver 2 Advanced: Aetna Whole Health network + $0 MinuteClinic + $0 CVS Health Virtual Primary Care",89217NJ013,,NJN001,NJS001,NJF002,Existing,EPO,Silver,Yes,Both,No,No,,,No,,,"Allows Adult and Child-Only",,Yes,"Pregnancy, High Blood Pressure & High Cholesterol, Pain Management, Depression, Low Back Pain, Diabetes, Heart Disease, Asthma",,,,,,,1/1/2025,,No,,No,"Except for Emergencies",No,,,,,89217NJ0130005-01,"Standard Silver On Exchange Plan",71.14%,,Yes,Yes,No,100%,,,,,,,,,,,,,,,,,,"$8,850 ","$8850 per person | $17700 per group",,,"Not Applicable","per person not applicable | per group not applicable","Not Applicable","per person not applicable | per group not applicable",,,,,,,,,,,,,,,,,,,,,"$2,500 ","$2500 per person | $5000 per group",40.00%,,,,"Not Applicable","per person not applicable | per group not applicable","Not Applicable","per person not applicable | per group not applicable","$2,500 ","$300 ","$3,000 ","$60 ","$0 ","$1,700 ","$0 ","$20 ",99%,"Not Applicable",No,"Silver 2 Advanced: Aetna Whole Health network + $0 MinuteClinic + $0 CVS Health Virtual Primary Care","$2,300 ","$200 ","$0 ","$0 "
2025,NJ,,89217,SERFF,1,1/13/2025,,Individual,No,,89217NJ0130005,"Silver 2 Advanced: Aetna Whole Health network + $0 MinuteClinic + $0 CVS Health Virtual Primary Care",89217NJ013,,NJN001,NJS001,NJF002,Existing,EPO,Silver,Yes,Both,No,No,,,No,,,"Allows Adult and Child-Only",,Yes,"Pregnancy, High Blood Pressure & High Cholesterol, Pain Management, Depression, Low Back Pain, Diabetes, Heart Disease, Asthma",,,,,,,1/1/2025,,No,,No,"Except for Emergencies",No,,,,,89217NJ0130005-02,"Zero Cost Sharing Plan Variation",100.00%,,Yes,Yes,No,100%,,,,,,,,,,,,,,,,,,"$0 ","$0 per person | $0 per group",,,"Not Applicable","per person not applicable | per group not applicable","Not Applicable","per person not applicable | per group not applicable",,,,,,,,,,,,,,,,,,,,,"$0 ","$0 per person | $0 per group",0.00%,,,,"Not Applicable","per person not applicable | per group not applicable","Not Applicable","per person not applicable | per group not applicable","$0 ","$0 ","$0 ","$60 ","$0 ","$0 ","$0 ","$20 ",99%,"Not Applicable",No,"Silver 2 Advanced: Aetna Whole Health network + $0 MinuteClinic + $0 CVS Health Virtual Primary Care","$0 ","$0 ","$0 ","$0 "
2025,NJ,,89217,SERFF,1,1/13/2025,,Individual,No,,89217NJ0130005,"Silver 2 Advanced: Aetna Whole Health network + $0 MinuteClinic + $0 CVS Health Virtual Primary Care",89217NJ013,,NJN001,NJS001,NJF002,Existing,EPO,Silver,Yes,Both,No,No,,,No,,,"Allows Adult and Child-Only",,Yes,"Pregnancy, High Blood Pressure & High Cholesterol, Pain Management, Depression, Low Back Pain, Diabetes, Heart Disease, Asthma",,,,,,,1/1/2025,,No,,No,"Except for Emergencies",No,,,,,89217NJ0130005-03,"Limited Cost Sharing Plan Variation",71.14%,,Yes,Yes,No,100%,,,,,,,,,,,,,,,,,,"$8,850 ","$8850 per person | $17700 per group",,,"Not Applicable","per person not applicable | per group not applicable","Not Applicable","per person not applicable | per group not applicable",,,,,,,,,,,,,,,,,,,,,"$2,500 ","$2500 per person | $5000 per group",40.00%,,,,"Not Applicable","per person not applicable | per group not applicable","Not Applicable","per person not applicable | per group not applicable","$2,500 ","$300 ","$3,000 ","$60 ","$0 ","$1,700 ","$0 ","$20 ",99%,"Not Applicable",No,"Silver 2 Advanced: Aetna Whole Health network + $0 MinuteClinic + $0 CVS Health Virtual Primary Care","$2,300 ","$200 ","$0 ","$0 "
2025,NJ,,89217,SERFF,1,1/13/2025,,Individual,No,,89217NJ0130005,"Silver 2 Advanced: Aetna Whole Health network + $0 MinuteClinic + $0 CVS Health Virtual Primary Care",89217NJ013,,NJN001,NJS001,NJF002,Existing,EPO,Silver,Yes,Both,No,No,,,No,,,"Allows Adult and Child-Only",,Yes,"Pregnancy, High Blood Pressure & High Cholesterol, Pain Management, Depression, Low Back Pain, Diabetes, Heart Disease, Asthma",,,,,,,1/1/2025,,No,,No,"Except for Emergencies",No,,,,,89217NJ0130005-04,"73% AV Level Silver Plan",73.41%,,Yes,Yes,No,100%,,,,,,,,,,,,,,,,,,"$7,250 ","$7250 per person | $14500 per group",,,"Not Applicable","per person not applicable | per group not applicable","Not Applicable","per person not applicable | per group not applicable",,,,,,,,,,,,,,,,,,,,,"$2,300 ","$2300 per person | $4600 per group",40.00%,,,,"Not Applicable","per person not applicable | per group not applicable","Not Applicable","per person not applicable | per group not applicable","$2,300 ","$300 ","$3,100 ","$60 ","$0 ","$1,700 ","$0 ","$20 ",99%,"Not Applicable",No,"Silver 2 Advanced: Aetna Whole Health network + $0 MinuteClinic + $0 CVS Health Virtual Primary Care","$2,300 ","$200 ","$0 ","$0 "
2025,NJ,,89217,SERFF,1,1/13/2025,,Individual,No,,89217NJ0130005,"Silver 2 Advanced: Aetna Whole Health network + $0 MinuteClinic + $0 CVS Health Virtual Primary Care",89217NJ013,,NJN001,NJS001,NJF002,Existing,EPO,Silver,Yes,Both,No,No,,,No,,,"Allows Adult and Child-Only",,Yes,"Pregnancy, High Blood Pressure & High Cholesterol, Pain Management, Depression, Low Back Pain, Diabetes, Heart Disease, Asthma",,,,,,,1/1/2025,,No,,No,"Except for Emergencies",No,,,,,89217NJ0130005-05,"87% AV Level Silver Plan",87.96%,,Yes,Yes,No,100%,,,,,,,,,,,,,,,,,,"$2,500 ","$2500 per person | $5000 per group",,,"Not Applicable","per person not applicable | per group not applicable","Not Applicable","per person not applicable | per group not applicable",,,,,,,,,,,,,,,,,,,,,"$1,000 ","$1000 per person | $2000 per group",30.00%,,,,"Not Applicable","per person not applicable | per group not applicable","Not Applicable","per person not applicable | per group not applicable","$1,000 ","$200 ","$1,300 ","$60 ","$0 ","$900 ","$0 ","$20 ",99%,"Not Applicable",No,"Silver 2 Advanced: Aetna Whole Health network + $0 MinuteClinic + $0 CVS Health Virtual Primary Care","$1,000 ","$50 ","$400 ","$0 "
2025,NJ,,89217,SERFF,1,1/13/2025,,Individual,No,,89217NJ0130005,"Silver 2 Advanced: Aetna Whole Health network + $0 MinuteClinic + $0 CVS Health Virtual Primary Care",89217NJ013,,NJN001,NJS001,NJF002,Existing,EPO,Silver,Yes,Both,No,No,,,No,,,"Allows Adult and Child-Only",,Yes,"Pregnancy, High Blood Pressure & High Cholesterol, Pain Management, Depression, Low Back Pain, Diabetes, Heart Disease, Asthma",,,,,,,1/1/2025,,No,,No,"Except for Emergencies",No,,,,,89217NJ0130005-06,"94% AV Level Silver Plan",94.39%,,Yes,Yes,No,100%,,,,,,,,,,,,,,,,,,"$2,375 ","$2375 per person | $4750 per group",,,"Not Applicable","per person not applicable | per group not applicable","Not Applicable","per person not applicable | per group not applicable",,,,,,,,,,,,,,,,,,,,,"$0 ","$0 per person | $0 per group",10.00%,,,,"Not Applicable","per person not applicable | per group not applicable","Not Applicable","per person not applicable | per group not applicable","$0 ","$90 ","$1,000 ","$60 ","$0 ","$400 ","$0 ","$20 ",99%,"Not Applicable",No,"Silver 2 Advanced: Aetna Whole Health network + $0 MinuteClinic + $0 CVS Health Virtual Primary Care","$0 ","$20 ","$200 ","$0 "
2025,NJ,,91661,SERFF,1,1/13/2025,,Individual,No,,91661NJ2270001,"Horizon Advantage EPO Silver",91661NJ227,,NJN001,NJS001,NJF002,Existing,EPO,Silver,Yes,Both,No,No,,,No,,,"Allows Adult and Child-Only",,No,"Pregnancy, Depression, Diabetes, Heart Disease, Asthma",,,,,,,1/1/2025,,No,,Yes,"Only to true medical emergencies and accidental injuries",No,,,,,91661NJ2270001-01,"Standard Silver On Exchange Plan",71.26%,0.704668158,No,Yes,No,100%,,,,,,,,,,,,,,,,,,"$9,200 ","$9200 per person | $18400 per group",,,"Not Applicable","per person not applicable | per group not applicable","Not Applicable","per person not applicable | per group not applicable","$2,500 ","$2500 per person | $5000 per group",50.00%,,,,"Not Applicable","per person not applicable | per group not applicable","Not Applicable","per person not applicable | per group not applicable","$0 ","$0 per person | $0 per group",50.00%,,,,"Not Applicable","per person not applicable | per group not applicable","Not Applicable","per person not applicable | per group not applicable",,,,,,,,,,,"$2,500 ","$80 ","$3,000 ","$60 ","$0 ","$1,000 ","$1,600 ","$20 ",99%,"Not Applicable",No,"Horizon Advantage EPO Silver ($0 Horizon CareOnline Virtual Care, $0 Select Insulin, No Referrals)","$1,600 ","$400 ","$0 ","$0 "
2025,NJ,,91661,SERFF,1,1/13/2025,,Individual,No,,91661NJ2270001,"Horizon Advantage EPO Silver",91661NJ227,,NJN001,NJS001,NJF002,Existing,EPO,Silver,Yes,Both,No,No,,,No,,,"Allows Adult and Child-Only",,No,"Pregnancy, Depression, Diabetes, Heart Disease, Asthma",,,,,,,1/1/2025,,No,,Yes,"Only to true medical emergencies and accidental injuries",No,,,,,91661NJ2270001-02,"Zero Cost Sharing Plan Variation",100.00%,1,No,Yes,No,100%,,,,,,,,,,,,,,,,,,"$0 ","$0 per person | $0 per group",,,"Not Applicable","per person not applicable | per group not applicable","Not Applicable","per person not applicable | per group not applicable","$0 ","$0 per person | $0 per group",0.00%,,,,"Not Applicable","per person not applicable | per group not applicable","Not Applicable","per person not applicable | per group not applicable","$0 ","$0 per person | $0 per group",0.00%,,,,"Not Applicable","per person not applicable | per group not applicable","Not Applicable","per person not applicable | per group not applicable",,,,,,,,,,,"$0 ","$0 ","$0 ","$0 ","$0 ","$0 ","$0 ","$0 ",99%,"Not Applicable",No,"Horizon Advantage EPO Silver D ($0 Horizon CareOnline Virtual Care, $0 Select Insulin, No Referrals)","$0 ","$0 ","$0 ","$0 "
2025,NJ,,91661,SERFF,1,1/13/2025,,Individual,No,,91661NJ2270001,"Horizon Advantage EPO Silver",91661NJ227,,NJN001,NJS001,NJF002,Existing,EPO,Silver,Yes,Both,No,No,,,No,,,"Allows Adult and Child-Only",,No,"Pregnancy, Depression, Diabetes, Heart Disease, Asthma",,,,,,,1/1/2025,,No,,Yes,"Only to true medical emergencies and accidental injuries",No,,,,,91661NJ2270001-03,"Limited Cost Sharing Plan Variation",71.26%,0.704668158,No,Yes,No,100%,,,,,,,,,,,,,,,,,,"$9,200 ","$9200 per person | $18400 per group",,,"Not Applicable","per person not applicable | per group not applicable","Not Applicable","per person not applicable | per group not applicable","$2,500 ","$2500 per person | $5000 per group",50.00%,,,,"Not Applicable","per person not applicable | per group not applicable","Not Applicable","per person not applicable | per group not applicable","$0 ","$0 per person | $0 per group",50.00%,,,,"Not Applicable","per person not applicable | per group not applicable","Not Applicable","per person not applicable | per group not applicable",,,,,,,,,,,"$2,500 ","$80 ","$3,000 ","$60 ","$0 ","$1,000 ","$1,600 ","$20 ",99%,"Not Applicable",No,"Horizon Advantage EPO Silver E ($0 Horizon CareOnline Virtual Care, $0 Select Insulin, No Referrals)","$1,600 ","$400 ","$0 ","$0 "
2025,NJ,,91661,SERFF,1,1/13/2025,,Individual,No,,91661NJ2270001,"Horizon Advantage EPO Silver",91661NJ227,,NJN001,NJS001,NJF002,Existing,EPO,Silver,Yes,Both,No,No,,,No,,,"Allows Adult and Child-Only",,No,"Pregnancy, Depression, Diabetes, Heart Disease, Asthma",,,,,,,1/1/2025,,No,,Yes,"Only to true medical emergencies and accidental injuries",No,,,,,91661NJ2270001-04,"73% AV Level Silver Plan",73.74%,0.731569108,No,Yes,No,100%,,,,,,,,,,,,,,,,,,"$7,350 ","$7350 per person | $14700 per group",,,"Not Applicable","per person not applicable | per group not applicable","Not Applicable","per person not applicable | per group not applicable","$2,500 ","$2500 per person | $5000 per group",50.00%,,,,"Not Applicable","per person not applicable | per group not applicable","Not Applicable","per person not applicable | per group not applicable","$0 ","$0 per person | $0 per group",50.00%,,,,"Not Applicable","per person not applicable | per group not applicable","Not Applicable","per person not applicable | per group not applicable",,,,,,,,,,,"$2,500 ","$70 ","$3,000 ","$60 ","$0 ","$1,000 ","$1,600 ","$20 ",99%,"Not Applicable",No,"Horizon Advantage EPO Silver A ($0 Horizon CareOnline Virtual Care, $0 Select Insulin, No Referrals)","$1,600 ","$400 ","$0 ","$0 "
2025,NJ,,91661,SERFF,1,1/13/2025,,Individual,No,,91661NJ2270001,"Horizon Advantage EPO Silver",91661NJ227,,NJN001,NJS001,NJF002,Existing,EPO,Silver,Yes,Both,No,No,,,No,,,"Allows Adult and Child-Only",,No,"Pregnancy, Depression, Diabetes, Heart Disease, Asthma",,,,,,,1/1/2025,,No,,Yes,"Only to true medical emergencies and accidental injuries",No,,,,,91661NJ2270001-05,"87% AV Level Silver Plan",87.96%,0.876188701,No,Yes,No,100%,,,,,,,,,,,,,,,,,,"$3,050 ","$3050 per person | $6100 per group",,,"Not Applicable","per person not applicable | per group not applicable","Not Applicable","per person not applicable | per group not applicable","$925 ","$925 per person | $1850 per group",20.00%,,,,"Not Applicable","per person not applicable | per group not applicable","Not Applicable","per person not applicable | per group not applicable","$0 ","$0 per person | $0 per group",40.00%,,,,"Not Applicable","per person not applicable | per group not applicable","Not Applicable","per person not applicable | per group not applicable",,,,,,,,,,,"$900 ","$30 ","$1,500 ","$60 ","$0 ","$400 ","$600 ","$20 ",99%,"Not Applicable",No,"Horizon Advantage EPO Silver B ($0 Horizon CareOnline Virtual Care, $0 Select Insulin, No Referrals)","$900 ","$200 ","$100 ","$0 "
2025,NJ,,91661,SERFF,1,1/13/2025,,Individual,No,,91661NJ2270001,"Horizon Advantage EPO Silver",91661NJ227,,NJN001,NJS001,NJF002,Existing,EPO,Silver,Yes,Both,No,No,,,No,,,"Allows Adult and Child-Only",,No,"Pregnancy, Depression, Diabetes, Heart Disease, Asthma",,,,,,,1/1/2025,,No,,Yes,"Only to true medical emergencies and accidental injuries",No,,,,,91661NJ2270001-06,"94% AV Level Silver Plan",94.31%,0.940510766,No,Yes,No,100%,,,,,,,,,,,,,,,,,,"$2,100 ","$2100 per person | $4200 per group",,,"Not Applicable","per person not applicable | per group not applicable","Not Applicable","per person not applicable | per group not applicable","$0 ","$0 per person | $0 per group",10.00%,,,,"Not Applicable","per person not applicable | per group not applicable","Not Applicable","per person not applicable | per group not applicable","$0 ","$0 per person | $0 per group",30.00%,,,,"Not Applicable","per person not applicable | per group not applicable","Not Applicable","per person not applicable | per group not applicable",,,,,,,,,,,"$0 ","$30 ","$800 ","$60 ","$0 ","$300 ","$300 ","$20 ",99%,"Not Applicable",No,"Horizon Advantage EPO Silver C ($0 Horizon CareOnline Virtual Care, $0 Select Insulin, No Referrals)","$0 ","$200 ","$200 ","$0 "
2025,NJ,,91661,SERFF,1,1/13/2025,,Individual,No,,91661NJ2270002,"Horizon Advantage EPO Bronze",91661NJ227,,NJN001,NJS001,NJF001,Existing,EPO,"Expanded Bronze",Yes,Both,No,No,,,No,,,"Allows Adult and Child-Only",,No,"Pregnancy, Depression, Diabetes, Heart Disease, Asthma",,,,,,,1/1/2025,,No,,Yes,"Only to true medical emergencies and accidental injuries",No,,,,,91661NJ2270002-01,"Standard Bronze On Exchange Plan",63.72%,0.634460592,Yes,Yes,No,100%,,,,,,,,,,,,,,,,,,"$9,200 ","$9200 per person | $18400 per group",,,"Not Applicable","per person not applicable | per group not applicable","Not Applicable","per person not applicable | per group not applicable",,,,,,,,,,,,,,,,,,,,,"$3,000 ","$3000 per person | $6000 per group",50.00%,,,,"Not Applicable","per person not applicable | per group not applicable","Not Applicable","per person not applicable | per group not applicable","$3,000 ","$10 ","$4,000 ","$60 ","$3,000 ","$600 ","$500 ","$20 ",99%,"Not Applicable",No,"Horizon Advantage EPO Bronze ($0 Horizon CareOnline Virtual Care, $0 Select Insulin, No Referrals)","$2,300 ","$100 ","$0 ","$0 "
2025,NJ,,91661,SERFF,1,1/13/2025,,Individual,No,,91661NJ2270002,"Horizon Advantage EPO Bronze",91661NJ227,,NJN001,NJS001,NJF001,Existing,EPO,"Expanded Bronze",Yes,Both,No,No,,,No,,,"Allows Adult and Child-Only",,No,"Pregnancy, Depression, Diabetes, Heart Disease, Asthma",,,,,,,1/1/2025,,No,,Yes,"Only to true medical emergencies and accidental injuries",No,,,,,91661NJ2270002-02,"Zero Cost Sharing Plan Variation",100.00%,1,Yes,Yes,No,100%,,,,,,,,,,,,,,,,,,"$0 ","$0 per person | $0 per group",,,"Not Applicable","per person not applicable | per group not applicable","Not Applicable","per person not applicable | per group not applicable",,,,,,,,,,,,,,,,,,,,,"$0 ","$0 per person | $0 per group",0.00%,,,,"Not Applicable","per person not applicable | per group not applicable","Not Applicable","per person not applicable | per group not applicable","$0 ","$0 ","$0 ","$0 ","$0 ","$0 ","$0 ","$0 ",99%,"Not Applicable",No,"Horizon Advantage EPO Bronze D ($0 Horizon CareOnline Virtual Care, $0 Select Insulin, No Referrals)","$0 ","$0 ","$0 ","$0 "
2025,NJ,,91661,SERFF,1,1/13/2025,,Individual,No,,91661NJ2270002,"Horizon Advantage EPO Bronze",91661NJ227,,NJN001,NJS001,NJF001,Existing,EPO,"Expanded Bronze",Yes,Both,No,No,,,No,,,"Allows Adult and Child-Only",,No,"Pregnancy, Depression, Diabetes, Heart Disease, Asthma",,,,,,,1/1/2025,,No,,Yes,"Only to true medical emergencies and accidental injuries",No,,,,,91661NJ2270002-03,"Limited Cost Sharing Plan Variation",63.72%,0.634460592,Yes,Yes,No,100%,,,,,,,,,,,,,,,,,,"$9,200 ","$9200 per person | $18400 per group",,,"Not Applicable","per person not applicable | per group not applicable","Not Applicable","per person not applicable | per group not applicable",,,,,,,,,,,,,,,,,,,,,"$3,000 ","$3000 per person | $6000 per group",50.00%,,,,"Not Applicable","per person not applicable | per group not applicable","Not Applicable","per person not applicable | per group not applicable","$3,000 ","$10 ","$4,000 ","$60 ","$3,000 ","$600 ","$500 ","$20 ",99%,"Not Applicable",No,"Horizon Advantage EPO Bronze E ($0 Horizon CareOnline Virtual Care, $0 Select Insulin, No Referrals)","$2,300 ","$100 ","$0 ","$0 "
2025,NJ,,91661,SERFF,1,1/13/2025,,Individual,No,,91661NJ2280001,"Horizon Advantage EPO Essentials",91661NJ228,,NJN001,NJS001,NJF007,Existing,EPO,Catastrophic,Yes,Both,No,No,,,No,,,"Allows Adult and Child-Only",,No,"Pregnancy, Depression, Diabetes, Heart Disease, Asthma",,,,,3,,1/1/2025,,No,,Yes,"Only to true medical emergencies and accidental injuries.",No,,,,,91661NJ2280001-01,"Standard Catastrophic On Exchange Plan",,,Yes,Yes,No,100%,,,,,,,,,,,,,,,,,,"$9,200 ","$9200 per person | $18400 per group",,,"Not Applicable","per person not applicable | per group not applicable","Not Applicable","per person not applicable | per group not applicable",,,,,,,,,,,,,,,,,,,,,"$9,200 ","$9200 per person | $18400 per group",0.00%,,,,"Not Applicable","per person not applicable | per group not applicable","Not Applicable","per person not applicable | per group not applicable","$8,500 ","$0 ","$0 ","$60 ","$4,600 ","$0 ","$0 ","$20 ",99%,"Not Applicable",No,"Horizon Advantage EPO Essentials","$2,300 ","$0 ","$0 ","$0 "
2025,NJ,,91661,SERFF,1,1/13/2025,,"SHOP (Small Group)",No,,91661NJ2290002,"Direct Access Gold 100/80/60 BlueCard",91661NJ229,,NJN002,NJS002,NJF019,Existing,POS,Gold,Yes,Both,No,No,,,No,No,,"Allows Adult and Child-Only",,No,"Pregnancy, Depression, Diabetes, Heart Disease, Asthma",,,,,,,1/1/2025,,No,,Yes,"Offers out of network coverage",Yes,,,,,91661NJ2290002-01,"Standard Gold On Exchange Plan",78.73%,0.786498995,Yes,Yes,No,100%,,,,,,,,,,,,,,,,,,"$7,000 ","$7000 per person | $14000 per group",,,"$8,000 ","$8000 per person | $16000 per group","Not Applicable","per person not applicable | per group not applicable",,,,,,,,,,,,,,,,,,,,,"$2,000 ","$2000 per person | $4000 per group",20.00%,,,,"$4,000 ","$4000 per person | $8000 per group","Not Applicable","per person not applicable | per group not applicable","$2,000 ","$60 ","$1,300 ","$60 ","$0 ","$1,300 ","$0 ","$20 ",,,No,"Direct Access Gold 100/80/60 BlueCard","$1,400 ","$400 ","$100 ","$0 "
2025,NJ,,91661,SERFF,1,1/13/2025,,"SHOP (Small Group)",No,,91661NJ2300001,"Advantage EPO Gold 100 $25/$45",91661NJ230,,NJN002,NJS002,NJF022,Existing,EPO,Gold,Yes,Both,No,No,,,No,No,,"Allows Adult and Child-Only",,No,"Pregnancy, Depression, Diabetes, Heart Disease, Asthma",,,,5,,,1/1/2025,,No,,Yes,"Only to true medical emergencies and accidental injuries.",No,,,,,91661NJ2300001-01,"Standard Gold On Exchange Plan",81.53%,0.813817339,No,Yes,No,100%,,,,,,,,,,,,,,,,,,"$7,550 ","$7550 per person | $15100 per group",,,"Not Applicable","per person not applicable | per group not applicable","Not Applicable","per person not applicable | per group not applicable","$0 ","$0 per person | $0 per group",0.00%,,,,"Not Applicable","per person not applicable | per group not applicable","Not Applicable","per person not applicable | per group not applicable","$0 ","$0 per person | $0 per group",0.00%,,,,"Not Applicable","per person not applicable | per group not applicable","Not Applicable","per person not applicable | per group not applicable",,,,,,,,,,,"$0 ","$600 ","$0 ","$60 ","$0 ","$900 ","$900 ","$20 ",,,No,"Advantage EPO Gold 100  $25/$45","$0 ","$300 ","$100 ","$0 "
2025,NJ,,91661,SERFF,1,1/13/2025,,"SHOP (Small Group)",No,,91661NJ2300003,"Advantage EPO Gold 100/80",91661NJ230,,NJN002,NJS002,NJF014,Existing,EPO,Gold,Yes,Both,No,No,,,No,No,,"Allows Adult and Child-Only",,No,"Pregnancy, Depression, Diabetes, Heart Disease, Asthma",,,,,,,1/1/2025,,No,,Yes,"Only to true medical emergencies and accidental injuries.",No,,,,,91661NJ2300003-01,"Standard Gold On Exchange Plan",79.87%,0.798209966,Yes,Yes,No,100%,,,,,,,,,,,,,,,,,,"$7,500 ","$7500 per person | $15000 per group",,,"Not Applicable","per person not applicable | per group not applicable","Not Applicable","per person not applicable | per group not applicable",,,,,,,,,,,,,,,,,,,,,"$1,500 ","$1500 per person | $3000 per group",20.00%,,,,"Not Applicable","per person not applicable | per group not applicable","Not Applicable","per person not applicable | per group not applicable","$1,500 ","$50 ","$1,400 ","$60 ","$0 ","$1,100 ","$0 ","$20 ",,,No,"Advantage EPO Gold 100/80","$1,400 ","$200 ","$100 ","$0 "
2025,NJ,,91661,SERFF,1,1/13/2025,,"SHOP (Small Group)",No,,91661NJ2300004,"Advantage EPO Silver 100/60",91661NJ230,,NJN002,NJS002,NJF016,Existing,EPO,Silver,Yes,Both,No,No,,,No,No,,"Allows Adult and Child-Only",,No,"Pregnancy, Depression, Diabetes, Heart Disease, Asthma",,,,,,,1/1/2025,,No,,Yes,"Only to true medical emergencies and accidental injuries.",No,,,,,91661NJ2300004-01,"Standard Silver On Exchange Plan",69.71%,0.6962324,Yes,Yes,No,100%,,,,,,,,,,,,,,,,,,"$9,200 ","$9200 per person | $18400 per group",,,"Not Applicable","per person not applicable | per group not applicable","Not Applicable","per person not applicable | per group not applicable",,,,,,,,,,,,,,,,,,,,,"$2,450 ","$2450 per person | $4900 per group",40.00%,,,,"Not Applicable","per person not applicable | per group not applicable","Not Applicable","per person not applicable | per group not applicable","$2,450 ","$80 ","$2,400 ","$60 ","$0 ","$1,700 ","$0 ","$20 ",,,No,"Advantage EPO Silver 100/60","$1,400 ","$500 ","$100 ","$0 "
2025,NJ,,91661,SERFF,1,1/13/2025,,"SHOP (Small Group)",No,,91661NJ2300007,"Advantage EPO Bronze 50",91661NJ230,,NJN002,NJS002,NJF008,Existing,EPO,"Expanded Bronze",Yes,Both,No,No,,,No,No,,"Allows Adult and Child-Only",,No,"Pregnancy, Depression, Diabetes, Heart Disease, Asthma",,,,5,,,1/1/2025,,No,,Yes,"Only to true medical emergencies and accidental injuries.",No,,,,,91661NJ2300007-01,"Standard Bronze On Exchange Plan",63.65%,0.633330313,Yes,Yes,No,100%,,,,,,,,,,,,,,,,,,"$9,200 ","$9200 per person | $18400 per group",,,"Not Applicable","per person not applicable | per group not applicable","Not Applicable","per person not applicable | per group not applicable",,,,,,,,,,,,,,,,,,,,,"$3,000 ","$3000 per person | $6000 per group",50.00%,,,,"Not Applicable","per person not applicable | per group not applicable","Not Applicable","per person not applicable | per group not applicable","$3,000 ","$100 ","$500 ","$60 ","$3,000 ","$600 ","$600 ","$20 ",,,No,"Advantage EPO Bronze 50","$2,300 ","$100 ","$0 ","$0 "
2025,NJ,,91661,SERFF,1,1/13/2025,,Individual,Yes,,91661NJ2310001,"Horizon Young Grins",91661NJ231,,NJN005,NJS003,,Existing,PPO,High,,Both,,,,,,,,"Allows Child-Only",,No,,89.50%,"Guaranteed Rate",,,,,1/1/2025,,No,,No,,No,,,,,91661NJ2310001-01,"Standard High On Exchange Plan",,,,,No,100%,,"$425 ","$425 per person | $850 per group",,,"Not Applicable","per person not applicable | per group not applicable","Not Applicable","per person not applicable | per group not applicable",,,,,,,,,,,,,,,,,"$100 ","per person not applicable | $200 per group",,,,,"Not Applicable","per person not applicable | per group not applicable","Not Applicable","per person not applicable | per group not applicable",,,,,,,,,,,,,,,,,,,,,,,,,,,,,,,No,"Horizon Young Grins",,,,
2025,NJ,,91661,SERFF,1,1/13/2025,,Individual,Yes,,91661NJ2310003,"Horizon Family Grins",91661NJ231,,NJN005,NJS003,,Existing,PPO,High,,Both,,,,,,,,"Allows Adult and Child-Only",,No,,89.50%,"Guaranteed Rate",,,,,1/1/2025,,No,,No,,No,,,,,91661NJ2310003-01,"Standard High On Exchange Plan",,,,,No,100%,,"$425 ","$425 per person | $850 per group",,,"Not Applicable","per person not applicable | per group not applicable","Not Applicable","per person not applicable | per group not applicable",,,,,,,,,,,,,,,,,"$100 ","per person not applicable | $200 per group",,,,,"Not Applicable","per person not applicable | per group not applicable","Not Applicable","per person not applicable | per group not applicable",,,,,,,,,,,,,,,,,,,,,,,,,,,,,,,No,"Horizon Family Grins",,,,
2025,NJ,,91661,SERFF,1,1/13/2025,,Individual,Yes,,91661NJ2310004,"Horizon Family Grins Plus",91661NJ231,,NJN005,NJS003,,Existing,PPO,High,,Both,,,,,,,,"Allows Adult and Child-Only",,No,,89.50%,"Guaranteed Rate",,,,,1/1/2025,,No,,Yes,"Offers out of network coverage",No,,,,,91661NJ2310004-01,"Standard High On Exchange Plan",,,,,No,100%,,"$425 ","$425 per person | $850 per group",,,"Not Applicable","per person not applicable | per group not applicable","Not Applicable","per person not applicable | per group not applicable",,,,,,,,,,,,,,,,,"$100 ","per person not applicable | $200 per group",,,,,"Not Applicable","per person not applicable | per group not applicable","Not Applicable","per person not applicable | per group not applicable",,,,,,,,,,,,,,,,,,,,,,,,,,,,,,,No,"Horizon Family Grins Plus",,,,
2025,NJ,,91661,SERFF,1,1/13/2025,,Individual,No,,91661NJ2340001,"OMNIA Bronze",91661NJ234,,NJN003,NJS001,NJF001,Existing,EPO,"Expanded Bronze",Yes,Both,No,No,,,No,,,"Allows Adult and Child-Only",,No,"Pregnancy, Depression, Diabetes, Heart Disease, Asthma",,,,,,,1/1/2025,,No,,Yes,"Only to true medical emergencies and accidental injuries.",No,,,,,91661NJ2340001-01,"Standard Bronze On Exchange Plan",63.54%,0.634822133,Yes,Yes,Yes,80%,19%,,,,,,,,,,,,,,,,,"$9,200 ","$9200 per person | $18400 per group","$9,200 ","$9200 per person | $18400 per group","Not Applicable","per person not applicable | per group not applicable","Not Applicable","per person not applicable | per group not applicable",,,,,,,,,,,,,,,,,,,,,"$3,000 ","$3000 per person | $6000 per group",50.00%,"$3,000 ","$3000 per person | $6000 per group",50.00%,"Not Applicable","per person not applicable | per group not applicable","Not Applicable","per person not applicable | per group not applicable","$3,000 ","$10 ","$3,500 ","$60 ","$3,000 ","$700 ","$500 ","$20 ",99%,"Not Applicable",No,"OMNIA Bronze ($0 Horizon CareOnline Virtual Care, $0 Select Insulin, No Referrals)","$2,300 ","$100 ","$0 ","$0 "
2025,NJ,,91661,SERFF,1,1/13/2025,,Individual,No,,91661NJ2340001,"OMNIA Bronze",91661NJ234,,NJN003,NJS001,NJF001,Existing,EPO,"Expanded Bronze",Yes,Both,No,No,,,No,,,"Allows Adult and Child-Only",,No,"Pregnancy, Depression, Diabetes, Heart Disease, Asthma",,,,,,,1/1/2025,,No,,Yes,"Only to true medical emergencies and accidental injuries.",No,,,,,91661NJ2340001-02,"Zero Cost Sharing Plan Variation",100.00%,1,Yes,Yes,Yes,80%,19%,,,,,,,,,,,,,,,,,"$0 ","$0 per person | $0 per group","$0 ","$0 per person | $0 per group","Not Applicable","per person not applicable | per group not applicable","Not Applicable","per person not applicable | per group not applicable",,,,,,,,,,,,,,,,,,,,,"$0 ","$0 per person | $0 per group",0.00%,"$0 ","$0 per person | $0 per group",0.00%,"Not Applicable","per person not applicable | per group not applicable","Not Applicable","per person not applicable | per group not applicable","$0 ","$0 ","$0 ","$0 ","$0 ","$0 ","$0 ","$0 ",99%,"Not Applicable",No,"OMNIA Bronze D ($0 Horizon CareOnline Virtual Care, $0 Select Insulin, No Referrals)","$0 ","$0 ","$0 ","$0 "
2025,NJ,,91661,SERFF,1,1/13/2025,,Individual,No,,91661NJ2340001,"OMNIA Bronze",91661NJ234,,NJN003,NJS001,NJF001,Existing,EPO,"Expanded Bronze",Yes,Both,No,No,,,No,,,"Allows Adult and Child-Only",,No,"Pregnancy, Depression, Diabetes, Heart Disease, Asthma",,,,,,,1/1/2025,,No,,Yes,"Only to true medical emergencies and accidental injuries.",No,,,,,91661NJ2340001-03,"Limited Cost Sharing Plan Variation",63.54%,0.634822133,Yes,Yes,Yes,80%,19%,,,,,,,,,,,,,,,,,"$9,200 ","$9200 per person | $18400 per group","$9,200 ","$9200 per person | $18400 per group","Not Applicable","per person not applicable | per group not applicable","Not Applicable","per person not applicable | per group not applicable",,,,,,,,,,,,,,,,,,,,,"$3,000 ","$3000 per person | $6000 per group",50.00%,"$3,000 ","$3000 per person | $6000 per group",50.00%,"Not Applicable","per person not applicable | per group not applicable","Not Applicable","per person not applicable | per group not applicable","$3,000 ","$10 ","$3,500 ","$60 ","$3,000 ","$700 ","$500 ","$20 ",99%,"Not Applicable",No,"OMNIA Bronze E ($0 Horizon CareOnline Virtual Care, $0 Select Insulin, No Referrals)","$2,300 ","$100 ","$0 ","$0 "
2025,NJ,,91661,SERFF,1,1/13/2025,,Individual,No,,91661NJ2340002,"OMNIA Silver",91661NJ234,,NJN003,NJS001,NJF003,Existing,EPO,Silver,Yes,Both,No,No,,,No,,,"Allows Adult and Child-Only",,No,"Pregnancy, Depression, Diabetes, Heart Disease, Asthma",,,,5,,,1/1/2025,,No,,Yes,"Only to true medical emergencies and accidental injuries",No,,,,,91661NJ2340002-01,"Standard Silver On Exchange Plan",70.62%,0.704763906,No,Yes,Yes,84%,15%,,,,,,,,,,,,,,,,,"$9,200 ","$9200 per person | $18400 per group","$9,200 ","$9200 per person | $18400 per group","Not Applicable","per person not applicable | per group not applicable","Not Applicable","per person not applicable | per group not applicable","$1,600 ","$1600 per person | $3200 per group",0.00%,"$2,500 ","$2500 per person | $5000 per group",50.00%,"Not Applicable","per person not applicable | per group not applicable","Not Applicable","per person not applicable | per group not applicable","$250 ","$250 per person | $500 per group",50.00%,"$250 ","$250 per person | $500 per group",50.00%,"Not Applicable","per person not applicable | per group not applicable","Not Applicable","per person not applicable | per group not applicable",,,,,,,,,,,"$1,600 ","$600 ","$0 ","$60 ","$250 ","$900 ","$1,400 ","$20 ",99%,"Not Applicable",No,"OMNIA Silver ($0 Horizon CareOnline Virtual Care, $0 Select Insulin, No Referrals)","$1,600 ","$400 ","$0 ","$0 "
2025,NJ,,91661,SERFF,1,1/13/2025,,Individual,No,,91661NJ2340002,"OMNIA Silver",91661NJ234,,NJN003,NJS001,NJF003,Existing,EPO,Silver,Yes,Both,No,No,,,No,,,"Allows Adult and Child-Only",,No,"Pregnancy, Depression, Diabetes, Heart Disease, Asthma",,,,5,,,1/1/2025,,No,,Yes,"Only to true medical emergencies and accidental injuries",No,,,,,91661NJ2340002-02,"Zero Cost Sharing Plan Variation",100.00%,1,No,Yes,Yes,84%,15%,,,,,,,,,,,,,,,,,"$0 ","$0 per person | $0 per group","$0 ","$0 per person | $0 per group","Not Applicable","per person not applicable | per group not applicable","Not Applicable","per person not applicable | per group not applicable","$0 ","$0 per person | $0 per group",0.00%,"$0 ","$0 per person | $0 per group",0.00%,"Not Applicable","per person not applicable | per group not applicable","Not Applicable","per person not applicable | per group not applicable","$0 ","$0 per person | $0 per group",0.00%,"$0 ","$0 per person | $0 per group",0.00%,"Not Applicable","per person not applicable | per group not applicable","Not Applicable","per person not applicable | per group not applicable",,,,,,,,,,,"$0 ","$0 ","$0 ","$0 ","$0 ","$0 ","$0 ","$0 ",99%,"Not Applicable",No,"OMNIA Silver D ($0 Horizon CareOnline Virtual Care, $0 Select Insulin, No Referrals)","$0 ","$0 ","$0 ","$0 "
2025,NJ,,91661,SERFF,1,1/13/2025,,Individual,No,,91661NJ2340002,"OMNIA Silver",91661NJ234,,NJN003,NJS001,NJF003,Existing,EPO,Silver,Yes,Both,No,No,,,No,,,"Allows Adult and Child-Only",,No,"Pregnancy, Depression, Diabetes, Heart Disease, Asthma",,,,5,,,1/1/2025,,No,,Yes,"Only to true medical emergencies and accidental injuries",No,,,,,91661NJ2340002-03,"Limited Cost Sharing Plan Variation",70.62%,0.704763906,No,Yes,Yes,84%,15%,,,,,,,,,,,,,,,,,"$9,200 ","$9200 per person | $18400 per group","$9,200 ","$9200 per person | $18400 per group","Not Applicable","per person not applicable | per group not applicable","Not Applicable","per person not applicable | per group not applicable","$1,600 ","$1600 per person | $3200 per group",0.00%,"$2,500 ","$2500 per person | $5000 per group",50.00%,"Not Applicable","per person not applicable | per group not applicable","Not Applicable","per person not applicable | per group not applicable","$250 ","$250 per person | $500 per group",50.00%,"$250 ","$250 per person | $500 per group",50.00%,"Not Applicable","per person not applicable | per group not applicable","Not Applicable","per person not applicable | per group not applicable",,,,,,,,,,,"$1,600 ","$600 ","$0 ","$60 ","$250 ","$900 ","$1,400 ","$20 ",99%,"Not Applicable",No,"OMNIA Silver E ($0 Horizon CareOnline Virtual Care, $0 Select Insulin, No Referrals)","$1,600 ","$400 ","$0 ","$0 "
2025,NJ,,91661,SERFF,1,1/13/2025,,Individual,No,,91661NJ2340002,"OMNIA Silver",91661NJ234,,NJN003,NJS001,NJF003,Existing,EPO,Silver,Yes,Both,No,No,,,No,,,"Allows Adult and Child-Only",,No,"Pregnancy, Depression, Diabetes, Heart Disease, Asthma",,,,5,,,1/1/2025,,No,,Yes,"Only to true medical emergencies and accidental injuries",No,,,,,91661NJ2340002-04,"73% AV Level Silver Plan",73.29%,0.731940932,No,Yes,Yes,84%,15%,,,,,,,,,,,,,,,,,"$7,350 ","$7350 per person | $14700 per group","$7,350 ","$7350 per person | $14700 per group","Not Applicable","per person not applicable | per group not applicable","Not Applicable","per person not applicable | per group not applicable","$1,600 ","$1600 per person | $3200 per group",0.00%,"$2,500 ","$2500 per person | $5000 per group",50.00%,"Not Applicable","per person not applicable | per group not applicable","Not Applicable","per person not applicable | per group not applicable","$250 ","$250 per person | $500 per group",50.00%,"$250 ","$250 per person | $500 per group",50.00%,"Not Applicable","per person not applicable | per group not applicable","Not Applicable","per person not applicable | per group not applicable",,,,,,,,,,,"$1,600 ","$600 ","$0 ","$60 ","$250 ","$800 ","$1,400 ","$20 ",99%,"Not Applicable",No,"OMNIA Silver A ($0 Horizon CareOnline Virtual Care, $0 Select Insulin, No Referrals)","$1,600 ","$400 ","$0 ","$0 "
2025,NJ,,91661,SERFF,1,1/13/2025,,Individual,No,,91661NJ2340002,"OMNIA Silver",91661NJ234,,NJN003,NJS001,NJF003,Existing,EPO,Silver,Yes,Both,No,No,,,No,,,"Allows Adult and Child-Only",,No,"Pregnancy, Depression, Diabetes, Heart Disease, Asthma",,,,5,,,1/1/2025,,No,,Yes,"Only to true medical emergencies and accidental injuries",No,,,,,91661NJ2340002-05,"87% AV Level Silver Plan",87.20%,0.871613289,No,Yes,Yes,84%,15%,,,,,,,,,,,,,,,,,"$3,050 ","$3050 per person | $6100 per group","$3,050 ","$3050 per person | $6100 per group","Not Applicable","per person not applicable | per group not applicable","Not Applicable","per person not applicable | per group not applicable","$300 ","$300 per person | $600 per group",0.00%,"$2,000 ","$2000 per person | $4000 per group",30.00%,"Not Applicable","per person not applicable | per group not applicable","Not Applicable","per person not applicable | per group not applicable","$50 ","$50 per person | $100 per group",30.00%,"$50 ","$50 per person | $100 per group",30.00%,"Not Applicable","per person not applicable | per group not applicable","Not Applicable","per person not applicable | per group not applicable",,,,,,,,,,,"$300 ","$300 ","$0 ","$60 ","$50 ","$600 ","$300 ","$20 ",99%,"Not Applicable",No,"OMNIA Silver B ($0 Horizon CareOnline Virtual Care, $0 Select Insulin, No Referrals)","$300 ","$300 ","$100 ","$0 "
2025,NJ,,91661,SERFF,1,1/13/2025,,Individual,No,,91661NJ2340002,"OMNIA Silver",91661NJ234,,NJN003,NJS001,NJF003,Existing,EPO,Silver,Yes,Both,No,No,,,No,,,"Allows Adult and Child-Only",,No,"Pregnancy, Depression, Diabetes, Heart Disease, Asthma",,,,5,,,1/1/2025,,No,,Yes,"Only to true medical emergencies and accidental injuries",No,,,,,91661NJ2340002-06,"94% AV Level Silver Plan",94.51%,0.944970325,No,Yes,Yes,84%,15%,,,,,,,,,,,,,,,,,"$625 ","$625 per person | $1250 per group","$2,500 ","$2500 per person | $5000 per group","Not Applicable","per person not applicable | per group not applicable","Not Applicable","per person not applicable | per group not applicable","$0 ","$0 per person | $0 per group",0.00%,"$500 ","$500 per person | $1000 per group",30.00%,"Not Applicable","per person not applicable | per group not applicable","Not Applicable","per person not applicable | per group not applicable","$50 ","$50 per person | $100 per group",30.00%,"$50 ","$50 per person | $100 per group",30.00%,"Not Applicable","per person not applicable | per group not applicable","Not Applicable","per person not applicable | per group not applicable",,,,,,,,,,,"$0 ","$200 ","$0 ","$60 ","$50 ","$300 ","$200 ","$20 ",99%,"Not Applicable",No,"OMNIA Silver C ($0 Horizon CareOnline Virtual Care, $0 Select Insulin, No Referrals)","$0 ","$200 ","$100 ","$0 "
2025,NJ,,91661,SERFF,1,1/13/2025,,Individual,No,,91661NJ2340003,"OMNIA Silver Saver HSA",91661NJ234,,NJN003,NJS001,NJF005,Existing,EPO,Silver,Yes,Both,No,No,,,Yes,,,"Allows Adult and Child-Only",,No,"Pregnancy, Depression, Diabetes, Heart Disease, Asthma",,,,,,,1/1/2025,,No,,Yes,"Only to true medical emergencies and accidental injuries",No,,,,,91661NJ2340003-01,"Standard Silver On Exchange Plan",70.26%,0.70186548,Yes,Yes,Yes,82%,17%,,,,,,,,,,,,,,,,,"$7,750 ","$7750 per person | $15500 per group","$8,050 ","$8050 per person | $16100 per group","Not Applicable","per person not applicable | per group not applicable","Not Applicable","per person not applicable | per group not applicable",,,,,,,,,,,,,,,,,,,,,"$2,300 ","per person not applicable | $4600 per group",40.00%,"$2,500 ","per person not applicable | $5000 per group",50.00%,"Not Applicable","per person not applicable | per group not applicable","Not Applicable","per person not applicable | per group not applicable","$2,300 ","$500 ","$3,400 ","$60 ","$2,300 ","$100 ","$1,400 ","$20 ",99%,"Not Applicable",No,"OMNIA Silver Saver HSA ($0 Horizon CareOnline Virtual Care after Ded, $0 Select Insulin, No Referrals)","$2,300 ","$100 ","$0 ","$0 "
2025,NJ,,91661,SERFF,1,1/13/2025,,Individual,No,,91661NJ2340003,"OMNIA Silver Saver HSA",91661NJ234,,NJN003,NJS001,NJF005,Existing,EPO,Silver,Yes,Both,No,No,,,No,,,"Allows Adult and Child-Only",,No,"Pregnancy, Depression, Diabetes, Heart Disease, Asthma",,,,,,,1/1/2025,,No,,Yes,"Only to true medical emergencies and accidental injuries",No,,,,,91661NJ2340003-02,"Zero Cost Sharing Plan Variation",100.00%,1,Yes,Yes,Yes,82%,17%,,,,,,,,,,,,,,,,,"$0 ","$0 per person | $0 per group","$0 ","$0 per person | $0 per group","Not Applicable","per person not applicable | per group not applicable","Not Applicable","per person not applicable | per group not applicable",,,,,,,,,,,,,,,,,,,,,"$0 ","$0 per person | $0 per group",0.00%,"$0 ","$0 per person | $0 per group",0.00%,"Not Applicable","per person not applicable | per group not applicable","Not Applicable","per person not applicable | per group not applicable","$0 ","$0 ","$0 ","$0 ","$0 ","$0 ","$0 ","$0 ",99%,"Not Applicable",No,"OMNIA Silver Saver D ($0 Horizon CareOnline Virtual Care, $0 Select Insulin, No Referrals)","$0 ","$0 ","$0 ","$0 "
2025,NJ,,91661,SERFF,1,1/13/2025,,Individual,No,,91661NJ2340003,"OMNIA Silver Saver HSA",91661NJ234,,NJN003,NJS001,NJF005,Existing,EPO,Silver,Yes,Both,No,No,,,No,,,"Allows Adult and Child-Only",,No,"Pregnancy, Depression, Diabetes, Heart Disease, Asthma",,,,,,,1/1/2025,,No,,Yes,"Only to true medical emergencies and accidental injuries",No,,,,,91661NJ2340003-03,"Limited Cost Sharing Plan Variation",70.26%,0.70186548,Yes,Yes,Yes,82%,17%,,,,,,,,,,,,,,,,,"$7,750 ","$7750 per person | $15500 per group","$8,050 ","$8050 per person | $16100 per group","Not Applicable","per person not applicable | per group not applicable","Not Applicable","per person not applicable | per group not applicable",,,,,,,,,,,,,,,,,,,,,"$2,300 ","per person not applicable | $4600 per group",40.00%,"$2,500 ","per person not applicable | $5000 per group",50.00%,"Not Applicable","per person not applicable | per group not applicable","Not Applicable","per person not applicable | per group not applicable","$2,300 ","$500 ","$3,400 ","$60 ","$2,300 ","$100 ","$1,400 ","$20 ",99%,"Not Applicable",No,"OMNIA Silver Saver E ($0 Horizon CareOnline Virtual Care after Ded, $0 Select Insulin, No Referrals)","$2,300 ","$100 ","$0 ","$0 "
2025,NJ,,91661,SERFF,1,1/13/2025,,Individual,No,,91661NJ2340003,"OMNIA Silver Saver HSA",91661NJ234,,NJN003,NJS001,NJF005,Existing,EPO,Silver,Yes,Both,No,No,,,Yes,,,"Allows Adult and Child-Only",,No,"Pregnancy, Depression, Diabetes, Heart Disease, Asthma",,,,,,,1/1/2025,,No,,Yes,"Only to true medical emergencies and accidental injuries",No,,,,,91661NJ2340003-04,"73% AV Level Silver Plan",73.14%,0.730381662,Yes,Yes,Yes,82%,17%,,,,,,,,,,,,,,,,,"$7,350 ","$7350 per person | $14700 per group","$7,350 ","$7350 per person | $14700 per group","Not Applicable","per person not applicable | per group not applicable","Not Applicable","per person not applicable | per group not applicable",,,,,,,,,,,,,,,,,,,,,"$2,250 ","per person not applicable | $4500 per group",20.00%,"$2,500 ","per person not applicable | $5000 per group",45.00%,"Not Applicable","per person not applicable | per group not applicable","Not Applicable","per person not applicable | per group not applicable","$2,250 ","$30 ","$1,700 ","$60 ","$2,250 ","$60 ","$1,100 ","$20 ",99%,"Not Applicable",No,"OMNIA Silver Saver A HSA ($0 Horizon CareOnline Virtual Care after Ded, $0 Select Insulin, No Referrals)","$2,250 ","$100 ","$0 ","$0 "
2025,NJ,,91661,SERFF,1,1/13/2025,,Individual,No,,91661NJ2340003,"OMNIA Silver Saver HSA",91661NJ234,,NJN003,NJS001,NJF005,Existing,EPO,Silver,Yes,Both,No,No,,,No,,,"Allows Adult and Child-Only",,No,"Pregnancy, Depression, Diabetes, Heart Disease, Asthma",,,,,,,1/1/2025,,No,,Yes,"Only to true medical emergencies and accidental injuries",No,,,,,91661NJ2340003-05,"87% AV Level Silver Plan",87.02%,0.870049,Yes,Yes,Yes,82%,17%,,,,,,,,,,,,,,,,,"$3,050 ","$3050 per person | $6100 per group","$3,050 ","$3050 per person | $6100 per group","Not Applicable","per person not applicable | per group not applicable","Not Applicable","per person not applicable | per group not applicable",,,,,,,,,,,,,,,,,,,,,"$875 ","per person not applicable | $1750 per group",10.00%,"$1,700 ","per person not applicable | $3400 per group",30.00%,"Not Applicable","per person not applicable | per group not applicable","Not Applicable","per person not applicable | per group not applicable","$875 ","$0 ","$800 ","$60 ","$875 ","$100 ","$400 ","$20 ",99%,"Not Applicable",No,"OMNIA Silver Saver B ($0 Horizon CareOnline Virtual Care after Ded, $0 Select Insulin, No Referrals)","$875 ","$200 ","$70 ","$0 "
2025,NJ,,91661,SERFF,1,1/13/2025,,Individual,No,,91661NJ2340003,"OMNIA Silver Saver HSA",91661NJ234,,NJN003,NJS001,NJF005,Existing,EPO,Silver,Yes,Both,No,No,,,No,,,"Allows Adult and Child-Only",,No,"Pregnancy, Depression, Diabetes, Heart Disease, Asthma",,,,,,,1/1/2025,,No,,Yes,"Only to true medical emergencies and accidental injuries",No,,,,,91661NJ2340003-06,"94% AV Level Silver Plan",94.06%,0.940294013,Yes,Yes,Yes,82%,17%,,,,,,,,,,,,,,,,,"$2,500 ","$2500 per person | $5000 per group","$3,050 ","$3050 per person | $6100 per group","Not Applicable","per person not applicable | per group not applicable","Not Applicable","per person not applicable | per group not applicable",,,,,,,,,,,,,,,,,,,,,"$25 ","per person not applicable | $50 per group",10.00%,"$100 ","per person not applicable | $200 per group",30.00%,"Not Applicable","per person not applicable | per group not applicable","Not Applicable","per person not applicable | per group not applicable","$25 ","$10 ","$800 ","$60 ","$25 ","$60 ","$400 ","$20 ",99%,"Not Applicable",No,"OMNIA Silver Saver C ($0 Horizon CareOnline Virtual Care after Ded, $0 Select Insulin, No Referrals)","$25 ","$200 ","$200 ","$0 "
2025,NJ,,91661,SERFF,1,1/13/2025,,Individual,No,,91661NJ2340004,"OMNIA Gold",91661NJ234,,NJN003,NJS001,NJF006,Existing,EPO,Gold,Yes,Both,No,No,,,No,,,"Allows Adult and Child-Only",,No,"Pregnancy, Depression, Diabetes, Heart Disease, Asthma",,,,5,,,1/1/2025,,No,,Yes,"Only to true medical emergencies and accidental injuries.",No,,,,,91661NJ2340004-01,"Standard Gold On Exchange Plan",81.29%,0.805210775,Yes,Yes,Yes,69%,30%,,,,,,,,,,,,,,,,,"$7,000 ","$7000 per person | $14000 per group","$8,000 ","$8000 per person | $16000 per group","Not Applicable","per person not applicable | per group not applicable","Not Applicable","per person not applicable | per group not applicable",,,,,,,,,,,,,,,,,,,,,"$500 ","$500 per person | $1000 per group",0.00%,"$1,500 ","$1500 per person | $3000 per group",30.00%,"Not Applicable","per person not applicable | per group not applicable","Not Applicable","per person not applicable | per group not applicable","$500 ","$500 ","$0 ","$60 ","$500 ","$700 ","$800 ","$20 ",99%,"Not Applicable",No,"OMNIA Gold ($0 Horizon CareOnline Virtual Care, $0 Select Insulin, No Referrals)","$500 ","$200 ","$200 ","$0 "
2025,NJ,,91661,SERFF,1,1/13/2025,,Individual,No,,91661NJ2340004,"OMNIA Gold",91661NJ234,,NJN003,NJS001,NJF006,Existing,EPO,Gold,Yes,Both,No,No,,,No,,,"Allows Adult and Child-Only",,No,"Pregnancy, Depression, Diabetes, Heart Disease, Asthma",,,,5,,,1/1/2025,,No,,Yes,"Only to true medical emergencies and accidental injuries.",No,,,,,91661NJ2340004-02,"Zero Cost Sharing Plan Variation",100.00%,1,Yes,Yes,Yes,69%,30%,,,,,,,,,,,,,,,,,"$0 ","$0 per person | $0 per group","$0 ","$0 per person | $0 per group","Not Applicable","per person not applicable | per group not applicable","Not Applicable","per person not applicable | per group not applicable",,,,,,,,,,,,,,,,,,,,,"$0 ","$0 per person | $0 per group",0.00%,"$0 ","$0 per person | $0 per group",0.00%,"Not Applicable","per person not applicable | per group not applicable","Not Applicable","per person not applicable | per group not applicable","$0 ","$0 ","$0 ","$0 ","$0 ","$0 ","$0 ","$0 ",99%,"Not Applicable",No,"OMNIA Gold D ($0 Horizon CareOnline Virtual Care, $0 Select Insulin, No Referrals)","$0 ","$0 ","$0 ","$0 "
2025,NJ,,91661,SERFF,1,1/13/2025,,Individual,No,,91661NJ2340004,"OMNIA Gold",91661NJ234,,NJN003,NJS001,NJF006,Existing,EPO,Gold,Yes,Both,No,No,,,No,,,"Allows Adult and Child-Only",,No,"Pregnancy, Depression, Diabetes, Heart Disease, Asthma",,,,5,,,1/1/2025,,No,,Yes,"Only to true medical emergencies and accidental injuries.",No,,,,,91661NJ2340004-03,"Limited Cost Sharing Plan Variation",81.29%,0.805210775,Yes,Yes,Yes,69%,30%,,,,,,,,,,,,,,,,,"$7,000 ","$7000 per person | $14000 per group","$8,000 ","$8000 per person | $16000 per group","Not Applicable","per person not applicable | per group not applicable","Not Applicable","per person not applicable | per group not applicable",,,,,,,,,,,,,,,,,,,,,"$500 ","$500 per person | $1000 per group",0.00%,"$1,500 ","$1500 per person | $3000 per group",30.00%,"Not Applicable","per person not applicable | per group not applicable","Not Applicable","per person not applicable | per group not applicable","$500 ","$500 ","$0 ","$60 ","$500 ","$700 ","$800 ","$20 ",99%,"Not Applicable",No,"OMNIA Gold E ($0 Horizon CareOnline Virtual Care, $0 Select Insulin, No Referrals)","$500 ","$200 ","$200 ","$0 "
2025,NJ,,91661,SERFF,1,1/13/2025,,Individual,No,,91661NJ2340006,"OMNIA Silver Value",91661NJ234,,NJN003,NJS001,NJF004,Existing,EPO,Silver,Yes,Both,No,No,,,No,,,"Allows Adult and Child-Only",,No,"Pregnancy, Depression, Diabetes, Heart Disease, Asthma",,,,,,,1/1/2025,,No,,Yes,"Only to true medical emergencies and accidental injuries.",No,,,,,91661NJ2340006-01,"Standard Silver On Exchange Plan",70.12%,0.700366232,Yes,Yes,Yes,82%,17%,,,,,,,,,,,,,,,,,"$9,150 ","$9150 per person | $18300 per group","$9,200 ","$9200 per person | $18400 per group","Not Applicable","per person not applicable | per group not applicable","Not Applicable","per person not applicable | per group not applicable",,,,,,,,,,,,,,,,,,,,,"$2,000 ","$2000 per person | $4000 per group",40.00%,"$2,500 ","$2500 per person | $5000 per group",50.00%,"Not Applicable","per person not applicable | per group not applicable","Not Applicable","per person not applicable | per group not applicable","$2,000 ","$0 ","$3,600 ","$60 ","$2,000 ","$200 ","$1,000 ","$20 ",99%,"Not Applicable",No,"OMNIA Silver Value ($0 Horizon CareOnline Virtual Care, $0 Select Insulin, No Referrals)","$2,000 ","$200 ","$0 ","$0 "
2025,NJ,,91661,SERFF,1,1/13/2025,,Individual,No,,91661NJ2340006,"OMNIA Silver Value",91661NJ234,,NJN003,NJS001,NJF004,Existing,EPO,Silver,Yes,Both,No,No,,,No,,,"Allows Adult and Child-Only",,No,"Pregnancy, Depression, Diabetes, Heart Disease, Asthma",,,,,,,1/1/2025,,No,,Yes,"Only to true medical emergencies and accidental injuries.",No,,,,,91661NJ2340006-02,"Zero Cost Sharing Plan Variation",100.00%,1,Yes,Yes,Yes,82%,17%,,,,,,,,,,,,,,,,,"$0 ","$0 per person | $0 per group","$0 ","$0 per person | $0 per group","Not Applicable","per person not applicable | per group not applicable","Not Applicable","per person not applicable | per group not applicable",,,,,,,,,,,,,,,,,,,,,"$0 ","$0 per person | $0 per group",0.00%,"$0 ","$0 per person | $0 per group",0.00%,"Not Applicable","per person not applicable | per group not applicable","Not Applicable","per person not applicable | per group not applicable","$0 ","$0 ","$0 ","$0 ","$0 ","$0 ","$0 ","$0 ",99%,"Not Applicable",No,"OMNIA Silver Value D ($0 Horizon CareOnline Virtual Care, $0 Select Insulin, No Referrals)","$0 ","$0 ","$0 ","$0 "
2025,NJ,,91661,SERFF,1,1/13/2025,,Individual,No,,91661NJ2340006,"OMNIA Silver Value",91661NJ234,,NJN003,NJS001,NJF004,Existing,EPO,Silver,Yes,Both,No,No,,,No,,,"Allows Adult and Child-Only",,No,"Pregnancy, Depression, Diabetes, Heart Disease, Asthma",,,,,,,1/1/2025,,No,,Yes,"Only to true medical emergencies and accidental injuries.",No,,,,,91661NJ2340006-03,"Limited Cost Sharing Plan Variation",70.12%,0.700366232,Yes,Yes,Yes,82%,17%,,,,,,,,,,,,,,,,,"$9,150 ","$9150 per person | $18300 per group","$9,200 ","$9200 per person | $18400 per group","Not Applicable","per person not applicable | per group not applicable","Not Applicable","per person not applicable | per group not applicable",,,,,,,,,,,,,,,,,,,,,"$2,000 ","$2000 per person | $4000 per group",40.00%,"$2,500 ","$2500 per person | $5000 per group",50.00%,"Not Applicable","per person not applicable | per group not applicable","Not Applicable","per person not applicable | per group not applicable","$2,000 ","$0 ","$3,600 ","$60 ","$2,000 ","$200 ","$1,000 ","$20 ",99%,"Not Applicable",No,"OMNIA Silver Value E ($0 Horizon CareOnline Virtual Care, $0 Select Insulin, No Referrals)","$2,000 ","$200 ","$0 ","$0 "
2025,NJ,,91661,SERFF,1,1/13/2025,,Individual,No,,91661NJ2340006,"OMNIA Silver Value",91661NJ234,,NJN003,NJS001,NJF004,Existing,EPO,Silver,Yes,Both,No,No,,,No,,,"Allows Adult and Child-Only",,No,"Pregnancy, Depression, Diabetes, Heart Disease, Asthma",,,,,,,1/1/2025,,No,,Yes,"Only to true medical emergencies and accidental injuries.",No,,,,,91661NJ2340006-04,"73% AV Level Silver Plan",73.10%,0.730233696,Yes,Yes,Yes,82%,17%,,,,,,,,,,,,,,,,,"$7,350 ","$7350 per person | $14700 per group","$7,350 ","$7350 per person | $14700 per group","Not Applicable","per person not applicable | per group not applicable","Not Applicable","per person not applicable | per group not applicable",,,,,,,,,,,,,,,,,,,,,"$2,000 ","$2000 per person | $4000 per group",30.00%,"$2,500 ","$2500 per person | $5000 per group",45.00%,"Not Applicable","per person not applicable | per group not applicable","Not Applicable","per person not applicable | per group not applicable","$2,000 ","$0 ","$2,700 ","$60 ","$2,000 ","$200 ","$1,000 ","$20 ",99%,"Not Applicable",No,"OMNIA Silver Value A ($0 Horizon CareOnline Virtual Care, $0 Select Insulin, No Referrals)","$2,000 ","$200 ","$0 ","$0 "
2025,NJ,,91661,SERFF,1,1/13/2025,,Individual,No,,91661NJ2340006,"OMNIA Silver Value",91661NJ234,,NJN003,NJS001,NJF004,Existing,EPO,Silver,Yes,Both,No,No,,,No,,,"Allows Adult and Child-Only",,No,"Pregnancy, Depression, Diabetes, Heart Disease, Asthma",,,,,,,1/1/2025,,No,,Yes,"Only to true medical emergencies and accidental injuries.",No,,,,,91661NJ2340006-05,"87% AV Level Silver Plan",87.04%,0.870145485,Yes,Yes,Yes,82%,17%,,,,,,,,,,,,,,,,,"$3,000 ","$3000 per person | $6000 per group","$3,050 ","$3050 per person | $6100 per group","Not Applicable","per person not applicable | per group not applicable","Not Applicable","per person not applicable | per group not applicable",,,,,,,,,,,,,,,,,,,,,"$725 ","$725 per person | $1450 per group",20.00%,"$1,700 ","$1700 per person | $3400 per group",35.00%,"Not Applicable","per person not applicable | per group not applicable","Not Applicable","per person not applicable | per group not applicable","$700 ","$0 ","$2,100 ","$60 ","$700 ","$100 ","$600 ","$20 ",99%,"Not Applicable",No,"OMNIA Silver Value B ($0 Horizon CareOnline Virtual Care, $0 Select Insulin, No Referrals)","$700 ","$200 ","$200 ","$0 "
2025,NJ,,91661,SERFF,1,1/13/2025,,Individual,No,,91661NJ2340006,"OMNIA Silver Value",91661NJ234,,NJN003,NJS001,NJF004,Existing,EPO,Silver,Yes,Both,No,No,,,No,,,"Allows Adult and Child-Only",,No,"Pregnancy, Depression, Diabetes, Heart Disease, Asthma",,,,,,,1/1/2025,,No,,Yes,"Only to true medical emergencies and accidental injuries.",No,,,,,91661NJ2340006-06,"94% AV Level Silver Plan",94.05%,0.940301258,Yes,Yes,Yes,82%,17%,,,,,,,,,,,,,,,,,"$1,250 ","$1250 per person | $2500 per group","$3,000 ","$3000 per person | $6000 per group","Not Applicable","per person not applicable | per group not applicable","Not Applicable","per person not applicable | per group not applicable",,,,,,,,,,,,,,,,,,,,,"$100 ","$100 per person | $200 per group",10.00%,"$150 ","$150 per person | $300 per group",30.00%,"Not Applicable","per person not applicable | per group not applicable","Not Applicable","per person not applicable | per group not applicable","$100 ","$0 ","$1,100 ","$60 ","$100 ","$40 ","$700 ","$20 ",99%,"Not Applicable",No,"OMNIA Silver Value C ($0 Horizon CareOnline Virtual Care, $0 Select Insulin, No Referrals)","$100 ","$100 ","$200 ","$0 "
2025,NJ,,91661,SERFF,1,1/13/2025,,"SHOP (Small Group)",No,,91661NJ2350001,"OMNIA Bronze",91661NJ235,,NJN004,NJS002,NJF008,Existing,EPO,"Expanded Bronze",Yes,Both,No,No,,,No,No,,"Allows Adult and Child-Only",,No,"Pregnancy, Depression, Diabetes, Heart Disease, Asthma",,,,,,,1/1/2025,,No,,Yes,"Only to true medical emergencies and accidental injuries.",No,,,,,91661NJ2350001-01,"Standard Bronze On Exchange Plan",62.36%,0.623808482,Yes,Yes,Yes,80%,19%,,,,,,,,,,,,,,,,,"$9,200 ","$9200 per person | $18400 per group","$9,200 ","$9200 per person | $18400 per group","Not Applicable","per person not applicable | per group not applicable","Not Applicable","per person not applicable | per group not applicable",,,,,,,,,,,,,,,,,,,,,"$3,500 ","$3500 per person | $7000 per group",50.00%,"$5,000 ","$5000 per person | $10000 per group",50.00%,"Not Applicable","per person not applicable | per group not applicable","Not Applicable","per person not applicable | per group not applicable","$3,500 ","$10 ","$3,000 ","$60 ","$3,500 ","$600 ","$300 ","$20 ",,,No,"OMNIA Bronze","$2,300 ","$100 ","$0 ","$0 "
2025,NJ,,91661,SERFF,1,1/13/2025,,"SHOP (Small Group)",No,,91661NJ2350002,"OMNIA Silver",91661NJ235,,NJN004,NJS002,NJF008,Existing,EPO,Silver,Yes,Both,No,No,,,No,No,,"Allows Adult and Child-Only",,No,"Pregnancy, Depression, Diabetes, Heart Disease, Asthma",,,,5,,,1/1/2025,,No,,Yes,"Only to true medical emergencies and accidental injuries.",No,,,,,91661NJ2350002-01,"Standard Silver On Exchange Plan",70.65%,0.705234468,No,Yes,Yes,87%,12%,,,,,,,,,,,,,,,,,"$9,200 ","$9200 per person | $18400 per group","$9,200 ","$9200 per person | $18400 per group","Not Applicable","per person not applicable | per group not applicable","Not Applicable","per person not applicable | per group not applicable","$1,500 ","$1500 per person | $3000 per group",0.00%,"$2,500 ","$2500 per person | $5000 per group",50.00%,"Not Applicable","per person not applicable | per group not applicable","Not Applicable","per person not applicable | per group not applicable","$250 ","$250 per person | $500 per group",50.00%,"$250 ","$250 per person | $500 per group",50.00%,"Not Applicable","per person not applicable | per group not applicable","Not Applicable","per person not applicable | per group not applicable",,,,,,,,,,,"$1,500 ","$600 ","$0 ","$60 ","$250 ","$800 ","$1,600 ","$20 ",,,No,"OMNIA Silver","$1,500 ","$400 ","$40 ","$0 "
2025,NJ,,91661,SERFF,1,1/13/2025,,"SHOP (Small Group)",No,,91661NJ2350003,"OMNIA Silver HSA",91661NJ235,,NJN004,NJS002,NJF010,Existing,EPO,Silver,Yes,Both,No,No,,,Yes,No,,"Allows Adult and Child-Only",,No,"Pregnancy, Depression, Diabetes, Heart Disease, Asthma",,,,,,,1/1/2025,,No,,Yes,"Only to true medical emergencies and accidental injuries.",No,,,,,91661NJ2350003-01,"Standard Silver On Exchange Plan",70.56%,0.703506167,Yes,Yes,Yes,84%,15%,,,,,,,,,,,,,,,,,"$8,050 ","$8050 per person | $16100 per group","$8,050 ","$8050 per person | $16100 per group","Not Applicable","per person not applicable | per group not applicable","Not Applicable","per person not applicable | per group not applicable",,,,,,,,,,,,,,,,,,,,,"$2,350 ","per person not applicable | $4700 per group",30.00%,"$2,500 ","per person not applicable | $5000 per group",50.00%,"Not Applicable","per person not applicable | per group not applicable","Not Applicable","per person not applicable | per group not applicable","$2,350 ","$20 ","$2,500 ","$60 ","$2,350 ","$40 ","$1,300 ","$20 ",,,No,"OMNIA Silver HSA","$2,350 ","$100 ","$0 ","$0 "
2025,NJ,,91661,SERFF,1,1/13/2025,,"SHOP (Small Group)",No,,91661NJ2350004,"OMNIA Gold",91661NJ235,,NJN004,NJS002,NJF012,Existing,EPO,Gold,Yes,Both,No,No,,,No,No,,"Allows Adult and Child-Only",,No,"Pregnancy, Depression, Diabetes, Heart Disease, Asthma",,,,5,,,1/1/2025,,No,,Yes,"Only to true medical emergencies and accidental injuries.",No,,,,,91661NJ2350004-01,"Standard Gold On Exchange Plan",79.02%,0.789733287,No,Yes,Yes,86%,14%,,,,,,,,,,,,,,,,,"$8,550 ","$8550 per person | $17100 per group","$9,000 ","$9000 per person | $18000 per group","Not Applicable","per person not applicable | per group not applicable","Not Applicable","per person not applicable | per group not applicable","$1,350 ","$1350 per person | $2700 per group",0.00%,"$2,500 ","$2500 per person | $5000 per group",30.00%,"Not Applicable","per person not applicable | per group not applicable","Not Applicable","per person not applicable | per group not applicable","$250 ","$250 per person | $500 per group",0.00%,"$250 ","$250 per person | $500 per group",0.00%,"Not Applicable","per person not applicable | per group not applicable","Not Applicable","per person not applicable | per group not applicable",,,,,,,,,,,"$1,400 ","$500 ","$0 ","$60 ","$250 ","$1,100 ","$0 ","$20 ",,,No,"OMNIA Gold","$1,400 ","$300 ","$100 ","$0 "
2025,NJ,,91661,SERFF,1,1/13/2025,,"SHOP (Small Group)",No,,91661NJ2350005,"OMNIA Platinum",91661NJ235,,NJN004,NJS002,NJF015,Existing,EPO,Platinum,Yes,Both,No,No,,,No,No,,"Allows Adult and Child-Only",,No,"Pregnancy, Depression, Diabetes, Heart Disease, Asthma",,,,5,,,1/1/2025,,No,,Yes,"Only to true medical emergencies and accidental injuries.",No,,,,,91661NJ2350005-01,"Standard Platinum On Exchange Plan",91.30%,0.912823779,Yes,Yes,Yes,84%,15%,,,,,,,,,,,,,,,,,"$3,550 ","$3550 per person | $7100 per group","$5,750 ","$5750 per person | $11500 per group","Not Applicable","per person not applicable | per group not applicable","Not Applicable","per person not applicable | per group not applicable",,,,,,,,,,,,,,,,,,,,,"$0 ","$0 per person | $0 per group",0.00%,"$2,000 ","$2000 per person | $4000 per group",30.00%,"Not Applicable","per person not applicable | per group not applicable","Not Applicable","per person not applicable | per group not applicable","$0 ","$400 ","$0 ","$60 ","$0 ","$600 ","$0 ","$20 ",,,No,"OMNIA Platinum","$0 ","$200 ","$100 ","$0 "
2025,NJ,,91762,SERFF,1,1/13/2025,,Individual,No,,91762NJ0070004,"IHC Bronze EPO HSA AmeriHealth Hospital Advantage $50/$75",91762NJ007,,NJN002,NJS002,NJF018,Existing,EPO,"Expanded Bronze",No,Both,Yes,No,,,Yes,,,"Allows Adult and Child-Only",,Yes,"Pregnancy, High Blood Pressure & High Cholesterol, Weight Loss Programs, Diabetes, Heart Disease, Asthma",,,,5,,,1/1/2025,,No,,Yes,"Services are available in Hunterdon County.
Emergency Care is covered outside of the service area.",No,,,,,91762NJ0070004-01,"Standard Bronze On Exchange Plan",,0.622670979,Yes,Yes,Yes,80%,20%,,,,,,,,,,,,,,,,,"$8,300 ","$8300 per person | $16600 per group","$8,300 ","$8300 per person | $16600 per group","Not Applicable","per person not applicable | per group not applicable","Not Applicable","per person not applicable | per group not applicable",,,,,,,,,,,,,,,,,,,,,"$6,000 ","$6000 per person | $12000 per group",50.00%,"$6,000 ","$6000 per person | $12000 per group",50.00%,"Not Applicable","per person not applicable | per group not applicable","Not Applicable","per person not applicable | per group not applicable","$2,000 ","$1,100 ","$0 ","$10 ","$2,000 ","$400 ","$2,000 ","$60 ",99%,"Not Applicable",No,"IHC Bronze EPO HSA AmeriHealth Hospital Advantage $50/$75","$1,900 ","$0 ","$0 ","$0 "
2025,NJ,,91762,SERFF,1,1/13/2025,,Individual,No,,91762NJ0070004,"IHC Bronze EPO HSA AmeriHealth Hospital Advantage $50/$75",91762NJ007,,NJN002,NJS002,NJF018,Existing,EPO,"Expanded Bronze",No,Both,Yes,No,,,No,,,"Allows Adult and Child-Only",,Yes,"Pregnancy, High Blood Pressure & High Cholesterol, Weight Loss Programs, Diabetes, Heart Disease, Asthma",,,,,,,1/1/2025,,No,,Yes,"Services are available in Hunterdon County.
Emergency Care is covered outside of the service area.",No,,,,,91762NJ0070004-02,"Zero Cost Sharing Plan Variation",,1,Yes,Yes,Yes,80%,20%,,,,,,,,,,,,,,,,,"$0 ","$0 per person | $0 per group","$0 ","$0 per person | $0 per group","$0 ","$0 per person | $0 per group","$0 ","$0 per person | $0 per group",,,,,,,,,,,,,,,,,,,,,"$0 ","$0 per person | $0 per group",0.00%,"$0 ","$0 per person | $0 per group",0.00%,"$0 ","$0 per person | $0 per group","$0 ","$0 per person | $0 per group","$0 ","$0 ","$0 ","$10 ","$0 ","$0 ","$0 ","$60 ",99%,"Not Applicable",No,"IHC Bronze EPO AmeriHealth Hospital Advantage Zero Dollar","$0 ","$0 ","$0 ","$0 "
2025,NJ,,91762,SERFF,1,1/13/2025,,Individual,No,,91762NJ0070004,"IHC Bronze EPO HSA AmeriHealth Hospital Advantage $50/$75",91762NJ007,,NJN002,NJS002,NJF018,Existing,EPO,"Expanded Bronze",No,Both,Yes,No,,,No,,,"Allows Adult and Child-Only",,Yes,"Pregnancy, High Blood Pressure & High Cholesterol, Weight Loss Programs, Diabetes, Heart Disease, Asthma",,,,5,,,1/1/2025,,No,,Yes,"Services are available in Hunterdon County.
Emergency Care is covered outside of the service area.",No,,,,,91762NJ0070004-03,"Limited Cost Sharing Plan Variation",,0.622670979,Yes,Yes,Yes,80%,20%,,,,,,,,,,,,,,,,,"$8,300 ","$8300 per person | $16600 per group","$8,300 ","$8300 per person | $16600 per group","Not Applicable","per person not applicable | per group not applicable","Not Applicable","per person not applicable | per group not applicable",,,,,,,,,,,,,,,,,,,,,"$6,000 ","$6000 per person | $12000 per group",50.00%,"$6,000 ","$6000 per person | $12000 per group",50.00%,"Not Applicable","per person not applicable | per group not applicable","Not Applicable","per person not applicable | per group not applicable","$0 ","$0 ","$0 ","$10 ","$0 ","$0 ","$0 ","$60 ",99%,"Not Applicable",No,"IHC Bronze EPO AmeriHealth Hospital Advantage $50/$75 Limited","$0 ","$0 ","$0 ","$0 "
2025,NJ,,91762,SERFF,1,1/13/2025,,Individual,No,,91762NJ0070006,"IHC Silver EPO HSA Local Value $50/$75",91762NJ007,,NJN002,NJS002,NJF002,Existing,EPO,Silver,No,Both,Yes,No,,,Yes,,,"Allows Adult and Child-Only",,Yes,"Pregnancy, High Blood Pressure & High Cholesterol, Weight Loss Programs, Diabetes, Heart Disease, Asthma",,,,5,,,1/1/2025,,No,,Yes,"Services are available in Hunterdon County.
Emergency Care is covered outside of the service area.",No,,,,,91762NJ0070006-01,"Standard Silver On Exchange Plan",,0.709820609,Yes,Yes,No,100%,,,,,,,,,,,,,,,,,,"$7,500 ","$7500 per person | $15000 per group",,,"Not Applicable","per person not applicable | per group not applicable","Not Applicable","per person not applicable | per group not applicable",,,,,,,,,,,,,,,,,,,,,"$2,500 ","$5000 per person | $5000 per group",50.00%,,,,"Not Applicable","per person not applicable | per group not applicable","Not Applicable","per person not applicable | per group not applicable","$2,000 ","$1,100 ","$0 ","$10 ","$2,000 ","$400 ","$2,000 ","$60 ",99%,"Not Applicable",No,"IHC Silver EPO HSA Local Value $50/$75","$1,900 ","$0 ","$0 ","$0 "
2025,NJ,,91762,SERFF,1,1/13/2025,,Individual,No,,91762NJ0070006,"IHC Silver EPO HSA Local Value $50/$75",91762NJ007,,NJN002,NJS002,NJF002,Existing,EPO,Silver,No,Both,Yes,No,,,No,,,"Allows Adult and Child-Only",,Yes,"Pregnancy, High Blood Pressure & High Cholesterol, Weight Loss Programs, Diabetes, Heart Disease, Asthma",,,,5,,,1/1/2025,,No,,Yes,"Services are available in Hunterdon County.
Emergency Care is covered outside of the service area.",No,,,,,91762NJ0070006-02,"Zero Cost Sharing Plan Variation",,1,Yes,Yes,No,100%,,,,,,,,,,,,,,,,,,"$0 ","$0 per person | $0 per group",,,"Not Applicable","per person not applicable | per group not applicable","Not Applicable","per person not applicable | per group not applicable",,,,,,,,,,,,,,,,,,,,,"$0 ","$0 per person | $0 per group",0.00%,,,,"Not Applicable","per person not applicable | per group not applicable","Not Applicable","per person not applicable | per group not applicable","$0 ","$0 ","$0 ","$10 ","$0 ","$0 ","$0 ","$60 ",99%,"Not Applicable",No,"IHC Silver EPO Local Value Zero Dollar","$0 ","$0 ","$0 ","$0 "
2025,NJ,,91762,SERFF,1,1/13/2025,,Individual,No,,91762NJ0070006,"IHC Silver EPO HSA Local Value $50/$75",91762NJ007,,NJN002,NJS002,NJF002,Existing,EPO,Silver,No,Both,Yes,No,,,No,,,"Allows Adult and Child-Only",,Yes,"Pregnancy, High Blood Pressure & High Cholesterol, Weight Loss Programs, Diabetes, Heart Disease, Asthma",,,,5,,,1/1/2025,,No,,Yes,"Services are available in Hunterdon County.
Emergency Care is covered outside of the service area.",No,,,,,91762NJ0070006-03,"Limited Cost Sharing Plan Variation",,0.709820609,Yes,Yes,No,100%,,,,,,,,,,,,,,,,,,"$7,500 ","$7500 per person | $15000 per group",,,"Not Applicable","per person not applicable | per group not applicable","Not Applicable","per person not applicable | per group not applicable",,,,,,,,,,,,,,,,,,,,,"$2,500 ","$5000 per person | $5000 per group",50.00%,,,,"Not Applicable","per person not applicable | per group not applicable","Not Applicable","per person not applicable | per group not applicable","$0 ","$0 ","$0 ","$10 ","$0 ","$0 ","$0 ","$60 ",99%,"Not Applicable",No,"IHC Silver EPO Local Value $50/$75 Limited","$0 ","$0 ","$0 ","$0 "
2025,NJ,,91762,SERFF,1,1/13/2025,,Individual,No,,91762NJ0070006,"IHC Silver EPO HSA Local Value $50/$75",91762NJ007,,NJN002,NJS002,NJF002,Existing,EPO,Silver,No,Both,Yes,No,,,Yes,,,"Allows Adult and Child-Only",,Yes,"Pregnancy, High Blood Pressure & High Cholesterol, Weight Loss Programs, Diabetes, Heart Disease, Asthma",,,,5,,,1/1/2025,,No,,Yes,"Services are available in Hunterdon County.
Emergency Care is covered outside of the service area.",No,,,,,91762NJ0070006-04,"73% AV Level Silver Plan",,0.730926165,Yes,Yes,No,100%,,,,,,,,,,,,,,,,,,"$7,200 ","$7200 per person | $14400 per group",,,"Not Applicable","per person not applicable | per group not applicable","Not Applicable","per person not applicable | per group not applicable",,,,,,,,,,,,,,,,,,,,,"$2,000 ","$4000 per person | $4000 per group",30.00%,,,,"Not Applicable","per person not applicable | per group not applicable","Not Applicable","per person not applicable | per group not applicable","$1,500 ","$1,100 ","$0 ","$10 ","$1,500 ","$400 ","$2,200 ","$60 ",99%,"Not Applicable",No,"IHC Silver EPO HSA Local Value $40/$60","$1,500 ","$200 ","$40 ","$0 "
2025,NJ,,91762,SERFF,1,1/13/2025,,Individual,No,,91762NJ0070006,"IHC Silver EPO HSA Local Value $50/$75",91762NJ007,,NJN002,NJS002,NJF002,Existing,EPO,Silver,No,Both,Yes,No,,,No,,,"Allows Adult and Child-Only",,Yes,"Pregnancy, High Blood Pressure & High Cholesterol, Weight Loss Programs, Diabetes, Heart Disease, Asthma",,,,5,,,1/1/2025,,No,,Yes,"Services are available in Hunterdon County.
Emergency Care is covered outside of the service area.",No,,,,,91762NJ0070006-05,"87% AV Level Silver Plan",,0.876252562,Yes,Yes,No,100%,,,,,,,,,,,,,,,,,,"$2,600 ","$2600 per person | $5200 per group",,,"Not Applicable","per person not applicable | per group not applicable","Not Applicable","per person not applicable | per group not applicable",,,,,,,,,,,,,,,,,,,,,"$450 ","$450 per person | $900 per group",20.00%,,,,"Not Applicable","per person not applicable | per group not applicable","Not Applicable","per person not applicable | per group not applicable","$250 ","$800 ","$0 ","$10 ","$250 ","$400 ","$2,000 ","$60 ",99%,"Not Applicable",No,"IHC Silver EPO Local Value $30/$50","$250 ","$300 ","$200 ","$0 "
2025,NJ,,91762,SERFF,1,1/13/2025,,Individual,No,,91762NJ0070006,"IHC Silver EPO HSA Local Value $50/$75",91762NJ007,,NJN002,NJS002,NJF002,Existing,EPO,Silver,No,Both,Yes,No,,,No,,,"Allows Adult and Child-Only",,Yes,"Pregnancy, High Blood Pressure & High Cholesterol, Weight Loss Programs, Diabetes, Heart Disease, Asthma",,,,5,,,1/1/2025,,No,,Yes,"Services are available in Hunterdon County.
Emergency Care is covered outside of the service area.",No,,,,,91762NJ0070006-06,"94% AV Level Silver Plan",,0.949387527,Yes,Yes,No,100%,,,,,,,,,,,,,,,,,,"$1,000 ","$1000 per person | $2000 per group",,,"Not Applicable","per person not applicable | per group not applicable","Not Applicable","per person not applicable | per group not applicable",,,,,,,,,,,,,,,,,,,,,"$50 ","$50 per person | $100 per group",10.00%,,,,"Not Applicable","per person not applicable | per group not applicable","Not Applicable","per person not applicable | per group not applicable","$50 ","$500 ","$0 ","$10 ","$50 ","$100 ","$1,000 ","$60 ",99%,"Not Applicable",No,"IHC Silver EPO Local Value $5/$20","$50 ","$100 ","$300 ","$0 "
2025,NJ,,91762,SERFF,1,1/13/2025,,Individual,No,,91762NJ0070007,"IHC Silver EPO HSA AmeriHealth Hospital Advantage $50/$75",91762NJ007,,NJN002,NJS002,NJF002,Existing,EPO,Silver,No,Both,Yes,No,,,Yes,,,"Allows Adult and Child-Only",,Yes,"Pregnancy, High Blood Pressure & High Cholesterol, Weight Loss Programs, Diabetes, Heart Disease, Asthma",,,,,,,1/1/2025,,No,,Yes,"Services are available in Hunterdon County.
Emergency Care is covered outside of the service area.",No,,,,,91762NJ0070007-01,"Standard Silver On Exchange Plan",,0.710234638,Yes,Yes,Yes,80%,20%,,,,,,,,,,,,,,,,,"$7,800 ","$7800 per person | $15600 per group","$7,800 ","$7800 per person | $15600 per group","Not Applicable","per person not applicable | per group not applicable","Not Applicable","per person not applicable | per group not applicable",,,,,,,,,,,,,,,,,,,,,"$2,200 ","$4400 per person | $4400 per group",50.00%,"$2,200 ","$4400 per person | $4400 per group",50.00%,"Not Applicable","per person not applicable | per group not applicable","Not Applicable","per person not applicable | per group not applicable","$2,000 ","$30 ","$2,000 ","$10 ","$2,000 ","$400 ","$2,000 ","$60 ",99%,"Not Applicable",No,"IHC Silver EPO HSA AmeriHealth Hospital Advantage $50/$75","$1,900 ","$0 ","$0 ","$0 "
2025,NJ,,91762,SERFF,1,1/13/2025,,Individual,No,,91762NJ0070007,"IHC Silver EPO HSA AmeriHealth Hospital Advantage $50/$75",91762NJ007,,NJN002,NJS002,NJF002,Existing,EPO,Silver,No,Both,Yes,No,,,No,,,"Allows Adult and Child-Only",,Yes,"Pregnancy, High Blood Pressure & High Cholesterol, Weight Loss Programs, Diabetes, Heart Disease, Asthma",,,,,,,1/1/2025,,No,,Yes,"Services are available in Hunterdon County.
Emergency Care is covered outside of the service area.",No,,,,,91762NJ0070007-02,"Zero Cost Sharing Plan Variation",,1,Yes,Yes,Yes,80%,20%,,,,,,,,,,,,,,,,,"$0 ","$0 per person | $0 per group","$0 ","$0 per person | $0 per group","Not Applicable","per person not applicable | per group not applicable","Not Applicable","per person not applicable | per group not applicable",,,,,,,,,,,,,,,,,,,,,"$0 ","$0 per person | $0 per group",0.00%,"$0 ","$0 per person | $0 per group",0.00%,"Not Applicable","per person not applicable | per group not applicable","Not Applicable","per person not applicable | per group not applicable","$0 ","$0 ","$0 ","$10 ","$0 ","$0 ","$0 ","$60 ",99%,"Not Applicable",No,"IHC Silver EPO AmeriHealth Hospital Advantage Zero Dollar","$0 ","$0 ","$0 ","$0 "
2025,NJ,,91762,SERFF,1,1/13/2025,,Individual,No,,91762NJ0070007,"IHC Silver EPO HSA AmeriHealth Hospital Advantage $50/$75",91762NJ007,,NJN002,NJS002,NJF002,Existing,EPO,Silver,No,Both,Yes,No,,,No,,,"Allows Adult and Child-Only",,Yes,"Pregnancy, High Blood Pressure & High Cholesterol, Weight Loss Programs, Diabetes, Heart Disease, Asthma",,,,,,,1/1/2025,,No,,Yes,"Services are available in Hunterdon County.
Emergency Care is covered outside of the service area.",No,,,,,91762NJ0070007-03,"Limited Cost Sharing Plan Variation",,0.710234638,Yes,Yes,Yes,80%,20%,,,,,,,,,,,,,,,,,"$7,800 ","$7800 per person | $15600 per group","$7,800 ","$7800 per person | $15600 per group","Not Applicable","per person not applicable | per group not applicable","Not Applicable","per person not applicable | per group not applicable",,,,,,,,,,,,,,,,,,,,,"$2,200 ","$4400 per person | $4400 per group",50.00%,"$2,200 ","$4400 per person | $4400 per group",50.00%,"Not Applicable","per person not applicable | per group not applicable","Not Applicable","per person not applicable | per group not applicable","$0 ","$0 ","$0 ","$10 ","$0 ","$0 ","$0 ","$60 ",99%,"Not Applicable",No,"IHC Silver EPO AmeriHealth Hospital Advantage $50/$75 Limited","$0 ","$0 ","$0 ","$0 "
2025,NJ,,91762,SERFF,1,1/13/2025,,Individual,No,,91762NJ0070007,"IHC Silver EPO HSA AmeriHealth Hospital Advantage $50/$75",91762NJ007,,NJN002,NJS002,NJF002,Existing,EPO,Silver,No,Both,Yes,No,,,Yes,,,"Allows Adult and Child-Only",,Yes,"Pregnancy, High Blood Pressure & High Cholesterol, Weight Loss Programs, Diabetes, Heart Disease, Asthma",,,,,,,1/1/2025,,No,,Yes,"Services are available in Hunterdon County.
Emergency Care is covered outside of the service area.",No,,,,,91762NJ0070007-04,"73% AV Level Silver Plan",,0.733401404,Yes,Yes,Yes,80%,20%,,,,,,,,,,,,,,,,,"$7,250 ","$7250 per person | $14500 per group","$7,250 ","$7250 per person | $14500 per group","Not Applicable","per person not applicable | per group not applicable","Not Applicable","per person not applicable | per group not applicable",,,,,,,,,,,,,,,,,,,,,"$1,700 ","$3400 per person | $3400 per group",20.00%,"$1,700 ","$3400 per person | $3400 per group",50.00%,"Not Applicable","per person not applicable | per group not applicable","Not Applicable","per person not applicable | per group not applicable","$1,500 ","$30 ","$2,100 ","$10 ","$1,500 ","$400 ","$2,200 ","$60 ",99%,"Not Applicable",No,"IHC Silver EPO HSA AmeriHealth Hospital Advantage $30/$60","$1,500 ","$200 ","$50 ","$0 "
2025,NJ,,91762,SERFF,1,1/13/2025,,Individual,No,,91762NJ0070007,"IHC Silver EPO HSA AmeriHealth Hospital Advantage $50/$75",91762NJ007,,NJN002,NJS002,NJF002,Existing,EPO,Silver,No,Both,Yes,No,,,No,,,"Allows Adult and Child-Only",,Yes,"Pregnancy, High Blood Pressure & High Cholesterol, Weight Loss Programs, Diabetes, Heart Disease, Asthma",,,,,,,1/1/2025,,No,,Yes,"Services are available in Hunterdon County.
Emergency Care is covered outside of the service area.",No,,,,,91762NJ0070007-05,"87% AV Level Silver Plan",,0.876387628,Yes,Yes,Yes,80%,20%,,,,,,,,,,,,,,,,,"$2,700 ","$2700 per person | $5400 per group","$2,700 ","$2700 per person | $5400 per group","Not Applicable","per person not applicable | per group not applicable","Not Applicable","per person not applicable | per group not applicable",,,,,,,,,,,,,,,,,,,,,"$400 ","$400 per person | $800 per group",10.00%,"$400 ","$400 per person | $800 per group",50.00%,"Not Applicable","per person not applicable | per group not applicable","Not Applicable","per person not applicable | per group not applicable","$200 ","$30 ","$1,200 ","$10 ","$200 ","$400 ","$2,100 ","$60 ",99%,"Not Applicable",No,"IHC Silver EPO AmeriHealth Hospital Advantage  $20/$40","$200 ","$200 ","$300 ","$0 "
2025,NJ,,91762,SERFF,1,1/13/2025,,Individual,No,,91762NJ0070007,"IHC Silver EPO HSA AmeriHealth Hospital Advantage $50/$75",91762NJ007,,NJN002,NJS002,NJF002,Existing,EPO,Silver,No,Both,Yes,No,,,No,,,"Allows Adult and Child-Only",,Yes,"Pregnancy, High Blood Pressure & High Cholesterol, Weight Loss Programs, Diabetes, Heart Disease, Asthma",,,,,,,1/1/2025,,No,,Yes,"Services are available in Hunterdon County.
Emergency Care is covered outside of the service area.",No,,,,,91762NJ0070007-06,"94% AV Level Silver Plan",,0.948899631,Yes,Yes,Yes,80%,20%,,,,,,,,,,,,,,,,,"$900 ","$900 per person | $1800 per group","$900 ","$900 per person | $1800 per group","Not Applicable","per person not applicable | per group not applicable","Not Applicable","per person not applicable | per group not applicable",,,,,,,,,,,,,,,,,,,,,"$50 ","$50 per person | $100 per group",10.00%,"$50 ","$50 per person | $100 per group",50.00%,"Not Applicable","per person not applicable | per group not applicable","Not Applicable","per person not applicable | per group not applicable","$50 ","$0 ","$1,000 ","$10 ","$50 ","$100 ","$800 ","$60 ",99%,"Not Applicable",No,"IHC Silver EPO AmeriHealth Hospital Advantage  $10/$20","$50 ","$100 ","$300 ","$0 "
2025,NJ,,91762,SERFF,1,1/13/2025,,Individual,No,,91762NJ0070010,"IHC Gold EPO Regional Preferred $30/$50",91762NJ007,,NJN001,NJS001,NJF021,Existing,EPO,Gold,Yes,Both,Yes,No,,,No,,,"Allows Adult and Child-Only",,Yes,"Pregnancy, High Blood Pressure & High Cholesterol, Weight Loss Programs, Diabetes, Heart Disease, Asthma",,,,,,,1/1/2025,,No,,Yes,"Emergency Care is covered outside of the service area.",No,,,,,91762NJ0070010-01,"Standard Gold On Exchange Plan",81.23%,,No,Yes,No,100%,,,,,,,,,,,,,,,,,,"$7,000 ","$7000 per person | $14000 per group",,,"Not Applicable","per person not applicable | per group not applicable","Not Applicable","per person not applicable | per group not applicable","$1,700 ","$1700 per person | $3400 per group",20.00%,,,,"Not Applicable","per person not applicable | per group not applicable","Not Applicable","per person not applicable | per group not applicable","$0 ","$0 per person | $0 per group",50.00%,,,,"Not Applicable","per person not applicable | per group not applicable","Not Applicable","per person not applicable | per group not applicable",,,,,,,,,,,"$1,500 ","$80 ","$2,000 ","$10 ","$0 ","$600 ","$2,500 ","$60 ",99%,"Not Applicable",No,"IHC Gold EPO Regional Preferred $30/$50","$800 ","$300 ","$0 ","$0 "
2025,NJ,,91762,SERFF,1,1/13/2025,,Individual,No,,91762NJ0070010,"IHC Gold EPO Regional Preferred $30/$50",91762NJ007,,NJN001,NJS001,NJF021,Existing,EPO,Gold,Yes,Both,Yes,No,,,No,,,"Allows Adult and Child-Only",,Yes,"Pregnancy, High Blood Pressure & High Cholesterol, Weight Loss Programs, Diabetes, Heart Disease, Asthma",,,,,,,1/1/2025,,No,,Yes,"Emergency Care is covered outside of the service area.",No,,,,,91762NJ0070010-02,"Zero Cost Sharing Plan Variation",100.00%,,No,Yes,No,100%,,,,,,,,,,,,,,,,,,"$0 ","$0 per person | $0 per group",,,"Not Applicable","per person not applicable | per group not applicable","Not Applicable","per person not applicable | per group not applicable","$0 ","$0 per person | $0 per group",0.00%,,,,"Not Applicable","per person not applicable | per group not applicable","Not Applicable","per person not applicable | per group not applicable","$0 ","$0 per person | $0 per group",0.00%,,,,"Not Applicable","per person not applicable | per group not applicable","Not Applicable","per person not applicable | per group not applicable",,,,,,,,,,,"$0 ","$0 ","$0 ","$10 ","$0 ","$0 ","$0 ","$60 ",99%,"Not Applicable",No,"IHC Gold EPO Regional Preferred Zero Dollar","$0 ","$0 ","$0 ","$0 "
2025,NJ,,91762,SERFF,1,1/13/2025,,Individual,No,,91762NJ0070010,"IHC Gold EPO Regional Preferred $30/$50",91762NJ007,,NJN001,NJS001,NJF021,Existing,EPO,Gold,Yes,Both,Yes,No,,,No,,,"Allows Adult and Child-Only",,Yes,"Pregnancy, High Blood Pressure & High Cholesterol, Weight Loss Programs, Diabetes, Heart Disease, Asthma",,,,,,,1/1/2025,,No,,Yes,"Emergency Care is covered outside of the service area.",No,,,,,91762NJ0070010-03,"Limited Cost Sharing Plan Variation",81.23%,,No,Yes,No,100%,,,,,,,,,,,,,,,,,,"$7,000 ","$7000 per person | $14000 per group",,,"Not Applicable","per person not applicable | per group not applicable","Not Applicable","per person not applicable | per group not applicable","$1,700 ","$1700 per person | $3400 per group",20.00%,,,,"Not Applicable","per person not applicable | per group not applicable","Not Applicable","per person not applicable | per group not applicable","$0 ","$0 per person | $0 per group",50.00%,,,,"Not Applicable","per person not applicable | per group not applicable","Not Applicable","per person not applicable | per group not applicable",,,,,,,,,,,"$0 ","$0 ","$0 ","$10 ","$0 ","$0 ","$0 ","$60 ",99%,"Not Applicable",No,"IHC Gold EPO Regional Preferred $30/$50 Limited ","$0 ","$0 ","$0 ","$0 "
2025,NJ,,91762,SERFF,1,1/13/2025,,Individual,No,,91762NJ0070014,"IHC Local Value Simple Saver",91762NJ007,,NJN002,NJS002,NJF020,Existing,EPO,Catastrophic,No,Both,Yes,No,,,No,,,"Allows Adult and Child-Only",,Yes,"Pregnancy, High Blood Pressure & High Cholesterol, Weight Loss Programs, Diabetes, Heart Disease, Asthma",,,,,,3,1/1/2025,,No,,Yes,"Services are available in Hunterdon County.
Emergency Care is covered outside of the service area.",No,,,,,91762NJ0070014-01,"Standard Catastrophic On Exchange Plan",,,Yes,Yes,No,100%,,,,,,,,,,,,,,,,,,"$9,200 ","$9200 per person | $18400 per group",,,"Not Applicable","per person not applicable | per group not applicable","Not Applicable","per person not applicable | per group not applicable",,,,,,,,,,,,,,,,,,,,,"$9,200 ","$9200 per person | $18400 per group",0.00%,,,,"Not Applicable","per person not applicable | per group not applicable","Not Applicable","per person not applicable | per group not applicable","$8,150 ","$0 ","$0 ","$10 ","$6,700 ","$90 ","$0 ","$60 ",99%,"Not Applicable",No,"IHC Local Value Simple Saver","$1,900 ","$0 ","$0 ","$0 "
2025,NJ,,91762,SERFF,1,1/13/2025,,Individual,No,,91762NJ0070093,"IHC Silver EPO AmeriHealth Advantage $25/$60",91762NJ007,,NJN003,NJS003,NJF014,Existing,EPO,Silver,No,Both,Yes,No,,,No,,,"Allows Adult and Child-Only",,Yes,"Pregnancy, High Blood Pressure & High Cholesterol, Weight Loss Programs, Diabetes, Heart Disease, Asthma",,,,,,,1/1/2025,,No,,Yes,"Services are available Statewide.
Emergency Care is covered outside of the service area.",No,,,,,91762NJ0070093-01,"Standard Silver On Exchange Plan",,0.70174619,No,Yes,Yes,60%,40%,,,,,,,,,,,,,,,,,"$9,000 ","$9000 per person | $18000 per group","$9,000 ","$9000 per person | $18000 per group","Not Applicable","per person not applicable | per group not applicable","Not Applicable","per person not applicable | per group not applicable","$2,500 ","$2500 per person | $5000 per group",20.00%,"$2,500 ","$2500 per person | $5000 per group",50.00%,"Not Applicable","per person not applicable | per group not applicable","Not Applicable","per person not applicable | per group not applicable","$250 ","$250 per person | per group not applicable",50.00%,"$250 ","$250 per person | per group not applicable",50.00%,"Not Applicable","per person not applicable | per group not applicable","Not Applicable","per person not applicable | per group not applicable",,,,,,,,,,,"$2,500 ","$30 ","$1,900 ","$10 ","$0 ","$500 ","$2,500 ","$60 ",99%,"Not Applicable",No,"IHC Silver EPO AmeriHealth Advantage $25/$60","$1,500 ","$300 ","$0 ","$0 "
2025,NJ,,91762,SERFF,1,1/13/2025,,Individual,No,,91762NJ0070093,"IHC Silver EPO AmeriHealth Advantage $25/$60",91762NJ007,,NJN003,NJS003,NJF014,Existing,EPO,Silver,No,Both,Yes,No,,,No,,,"Allows Adult and Child-Only",,Yes,"Pregnancy, High Blood Pressure & High Cholesterol, Weight Loss Programs, Diabetes, Heart Disease, Asthma",,,,,,,1/1/2025,,No,,Yes,"Services are available Statewide.
Emergency Care is covered outside of the service area.",No,,,,,91762NJ0070093-02,"Zero Cost Sharing Plan Variation",,1,No,Yes,Yes,60%,40%,,,,,,,,,,,,,,,,,"$0 ","$0 per person | $0 per group","$0 ","$0 per person | $0 per group","Not Applicable","per person not applicable | per group not applicable","Not Applicable","per person not applicable | per group not applicable","$0 ","$0 per person | $0 per group",0.00%,"$0 ","$0 per person | $0 per group",0.00%,"Not Applicable","per person not applicable | per group not applicable","Not Applicable","per person not applicable | per group not applicable","$0 ","$0 per person | $0 per group",0.00%,"$0 ","$0 per person | $0 per group",0.00%,"Not Applicable","per person not applicable | per group not applicable","Not Applicable","per person not applicable | per group not applicable",,,,,,,,,,,"$2,500 ","$30 ","$1,900 ","$10 ","$0 ","$500 ","$2,500 ","$60 ",99%,"Not Applicable",No,"IHC Silver EPO AmeriHealth Advantage Zero Dollar","$1,500 ","$300 ","$0 ","$0 "
2025,NJ,,91762,SERFF,1,1/13/2025,,Individual,No,,91762NJ0070093,"IHC Silver EPO AmeriHealth Advantage $25/$60",91762NJ007,,NJN003,NJS003,NJF014,Existing,EPO,Silver,No,Both,Yes,No,,,No,,,"Allows Adult and Child-Only",,Yes,"Pregnancy, High Blood Pressure & High Cholesterol, Weight Loss Programs, Diabetes, Heart Disease, Asthma",,,,,,,1/1/2025,,No,,Yes,"Services are available Statewide.
Emergency Care is covered outside of the service area.",No,,,,,91762NJ0070093-03,"Limited Cost Sharing Plan Variation",,0.70174619,No,Yes,Yes,60%,40%,,,,,,,,,,,,,,,,,"$9,000 ","$9000 per person | $18000 per group","$9,000 ","$9000 per person | $18000 per group","Not Applicable","per person not applicable | per group not applicable","Not Applicable","per person not applicable | per group not applicable","$2,500 ","$2500 per person | $5000 per group",20.00%,"$2,500 ","$2500 per person | $5000 per group",50.00%,"Not Applicable","per person not applicable | per group not applicable","Not Applicable","per person not applicable | per group not applicable","$250 ","$250 per person | per group not applicable",50.00%,"$250 ","$250 per person | per group not applicable",50.00%,"Not Applicable","per person not applicable | per group not applicable","Not Applicable","per person not applicable | per group not applicable",,,,,,,,,,,"$0 ","$0 ","$0 ","$10 ","$0 ","$0 ","$0 ","$60 ",99%,"Not Applicable",No,"IHC Silver EPO AmeriHealth Advantage $25/$60 Limited","$0 ","$0 ","$0 ","$0 "
2025,NJ,,91762,SERFF,1,1/13/2025,,Individual,No,,91762NJ0070093,"IHC Silver EPO AmeriHealth Advantage $25/$60",91762NJ007,,NJN003,NJS003,NJF014,Existing,EPO,Silver,No,Both,Yes,No,,,No,,,"Allows Adult and Child-Only",,Yes,"Pregnancy, High Blood Pressure & High Cholesterol, Weight Loss Programs, Diabetes, Heart Disease, Asthma",,,,,,,1/1/2025,,No,,Yes,"Services are available Statewide.
Emergency Care is covered outside of the service area.",No,,,,,91762NJ0070093-04,"73% AV Level Silver Plan",,0.730703626,No,Yes,Yes,60%,40%,,,,,,,,,,,,,,,,,"$7,000 ","$7000 per person | $14000 per group","$7,000 ","$7000 per person | $14000 per group","Not Applicable","per person not applicable | per group not applicable","Not Applicable","per person not applicable | per group not applicable","$2,500 ","$2500 per person | $5000 per group",20.00%,"$2,500 ","$2500 per person | $5000 per group",50.00%,"Not Applicable","per person not applicable | per group not applicable","Not Applicable","per person not applicable | per group not applicable","$250 ","$250 per person | per group not applicable",50.00%,"$250 ","$250 per person | per group not applicable",50.00%,"Not Applicable","per person not applicable | per group not applicable","Not Applicable","per person not applicable | per group not applicable",,,,,,,,,,,"$2,500 ","$30 ","$1,900 ","$10 ","$0 ","$500 ","$2,500 ","$60 ",99%,"Not Applicable",No,"IHC Silver EPO AmeriHealth Advantage $25/$50","$1,500 ","$300 ","$0 ","$0 "
2025,NJ,,91762,SERFF,1,1/13/2025,,Individual,No,,91762NJ0070093,"IHC Silver EPO AmeriHealth Advantage $25/$60",91762NJ007,,NJN003,NJS003,NJF014,Existing,EPO,Silver,No,Both,Yes,No,,,No,,,"Allows Adult and Child-Only",,Yes,"Pregnancy, High Blood Pressure & High Cholesterol, Weight Loss Programs, Diabetes, Heart Disease, Asthma",,,,,,,1/1/2025,,No,,Yes,"Services are available Statewide.
Emergency Care is covered outside of the service area.",No,,,,,91762NJ0070093-05,"87% AV Level Silver Plan",,0.878987283,No,Yes,Yes,60%,40%,,,,,,,,,,,,,,,,,"$2,500 ","$2500 per person | $5000 per group","$2,500 ","$2500 per person | $5000 per group","Not Applicable","per person not applicable | per group not applicable","Not Applicable","per person not applicable | per group not applicable","$400 ","$400 per person | $800 per group",20.00%,"$400 ","$400 per person | $800 per group",50.00%,"Not Applicable","per person not applicable | per group not applicable","Not Applicable","per person not applicable | per group not applicable","$5 ","$5 per person | per group not applicable",50.00%,"$5 ","$5 per person | per group not applicable",50.00%,"Not Applicable","per person not applicable | per group not applicable","Not Applicable","per person not applicable | per group not applicable",,,,,,,,,,,"$300 ","$0 ","$2,100 ","$10 ","$0 ","$400 ","$2,000 ","$60 ",99%,"Not Applicable",No,"IHC Silver EPO AmeriHealth Advantage $20/$40","$300 ","$200 ","$400 ","$0 "
2025,NJ,,91762,SERFF,1,1/13/2025,,Individual,No,,91762NJ0070093,"IHC Silver EPO AmeriHealth Advantage $25/$60",91762NJ007,,NJN003,NJS003,NJF014,Existing,EPO,Silver,No,Both,Yes,No,,,No,,,"Allows Adult and Child-Only",,Yes,"Pregnancy, High Blood Pressure & High Cholesterol, Weight Loss Programs, Diabetes, Heart Disease, Asthma",,,,,,,1/1/2025,,No,,Yes,"Services are available Statewide.
Emergency Care is covered outside of the service area.",No,,,,,91762NJ0070093-06,"94% AV Level Silver Plan",,0.945395756,No,Yes,Yes,60%,40%,,,,,,,,,,,,,,,,,"$1,000 ","$1000 per person | $2000 per group","$1,000 ","$1000 per person | $2000 per group","Not Applicable","per person not applicable | per group not applicable","Not Applicable","per person not applicable | per group not applicable","$0 ","$0 per person | $0 per group",10.00%,"$0 ","$0 per person | $0 per group",30.00%,"Not Applicable","per person not applicable | per group not applicable","Not Applicable","per person not applicable | per group not applicable","$5 ","$5 per person | per group not applicable",50.00%,"$5 ","$5 per person | per group not applicable",50.00%,"Not Applicable","per person not applicable | per group not applicable","Not Applicable","per person not applicable | per group not applicable",,,,,,,,,,,"$0 ","$0 ","$1,100 ","$10 ","$0 ","$100 ","$1,000 ","$60 ",99%,"Not Applicable",No,"IHC Silver EPO AmeriHealth Advantage $10/$20","$0 ","$100 ","$400 ","$0 "
2025,NJ,,91762,SERFF,1,1/13/2025,,Individual,No,,91762NJ0070097,"IHC Bronze EPO HSA AmeriHealth Advantage $25/$50",91762NJ007,,NJN003,NJS003,NJF018,Existing,EPO,"Expanded Bronze",No,Both,Yes,No,,,Yes,,,"Allows Adult and Child-Only",,Yes,"Pregnancy, High Blood Pressure & High Cholesterol, Weight Loss Programs, Diabetes, Heart Disease, Asthma",,,,,,,1/1/2025,,No,,Yes,"Services are available Statewide.
Emergency Care is covered outside of the service area.",No,,,,,91762NJ0070097-01,"Standard Bronze On Exchange Plan",,0.622442855,Yes,Yes,Yes,60%,40%,,,,,,,,,,,,,,,,,"$8,300 ","$8300 per person | $16600 per group","$8,300 ","$8300 per person | $16600 per group","Not Applicable","per person not applicable | per group not applicable","Not Applicable","per person not applicable | per group not applicable",,,,,,,,,,,,,,,,,,,,,"$6,000 ","$6000 per person | $12000 per group",30.00%,"$6,000 ","$6000 per person | $12000 per group",50.00%,"Not Applicable","per person not applicable | per group not applicable","Not Applicable","per person not applicable | per group not applicable","$2,000 ","$1,100 ","$0 ","$10 ","$2,000 ","$400 ","$2,000 ","$60 ",99%,"Not Applicable",No,"IHC Bronze EPO HSA AmeriHealth Advantage $25/$50","$1,900 ","$0 ","$0 ","$0 "
2025,NJ,,91762,SERFF,1,1/13/2025,,Individual,No,,91762NJ0070097,"IHC Bronze EPO HSA AmeriHealth Advantage $25/$50",91762NJ007,,NJN003,NJS003,NJF018,Existing,EPO,"Expanded Bronze",No,Both,Yes,No,,,No,,,"Allows Adult and Child-Only",,Yes,"Pregnancy, High Blood Pressure & High Cholesterol, Weight Loss Programs, Diabetes, Heart Disease, Asthma",,,,,,,1/1/2025,,No,,Yes,"Services are available Statewide.
Emergency Care is covered outside of the service area.",No,,,,,91762NJ0070097-02,"Zero Cost Sharing Plan Variation",,1,Yes,Yes,Yes,60%,40%,,,,,,,,,,,,,,,,,"$0 ","$0 per person | $0 per group","$0 ","$0 per person | $0 per group","Not Applicable","per person not applicable | per group not applicable","Not Applicable","per person not applicable | per group not applicable",,,,,,,,,,,,,,,,,,,,,"$0 ","$0 per person | $0 per group",0.00%,"$0 ","$0 per person | $0 per group",0.00%,"Not Applicable","per person not applicable | per group not applicable","Not Applicable","per person not applicable | per group not applicable","$0 ","$0 ","$0 ","$10 ","$0 ","$0 ","$0 ","$60 ",99%,"Not Applicable",No,"IHC Bronze EPO AmeriHealth Advantage Zero Dollar","$0 ","$0 ","$0 ","$0 "
2025,NJ,,91762,SERFF,1,1/13/2025,,Individual,No,,91762NJ0070097,"IHC Bronze EPO HSA AmeriHealth Advantage $25/$50",91762NJ007,,NJN003,NJS003,NJF018,Existing,EPO,"Expanded Bronze",No,Both,Yes,No,,,No,,,"Allows Adult and Child-Only",,Yes,"Pregnancy, High Blood Pressure & High Cholesterol, Weight Loss Programs, Diabetes, Heart Disease, Asthma",,,,,,,1/1/2025,,No,,Yes,"Services are available Statewide.
Emergency Care is covered outside of the service area.",No,,,,,91762NJ0070097-03,"Limited Cost Sharing Plan Variation",,0.622442855,Yes,Yes,Yes,60%,40%,,,,,,,,,,,,,,,,,"$8,300 ","$8300 per person | $16600 per group","$8,300 ","$8300 per person | $16600 per group","Not Applicable","per person not applicable | per group not applicable","Not Applicable","per person not applicable | per group not applicable",,,,,,,,,,,,,,,,,,,,,"$6,000 ","$6000 per person | $12000 per group",30.00%,"$6,000 ","$6000 per person | $12000 per group",50.00%,"Not Applicable","per person not applicable | per group not applicable","Not Applicable","per person not applicable | per group not applicable","$0 ","$0 ","$0 ","$10 ","$0 ","$0 ","$0 ","$60 ",99%,"Not Applicable",No,"IHC Bronze EPO AmeriHealth Advantage $25/$50 Limited","$0 ","$0 ","$0 ","$0 "
2025,NJ,,91762,SERFF,1,1/13/2025,,Individual,No,,91762NJ0070104,"IHC Bronze EPO Local Value $50/$75 ",91762NJ007,,NJN002,NJS002,NJF015,Existing,EPO,"Expanded Bronze",Yes,Both,Yes,No,,,No,,,"Allows Adult and Child-Only",,Yes,"Pregnancy, High Blood Pressure & High Cholesterol, Weight Loss Programs, Diabetes, Heart Disease, Asthma",,,,,,,1/1/2025,,No,,Yes,"Services are available in Hunterdon County.
Emergency Care is covered outside of the service area.",No,,,,,91762NJ0070104-01,"Standard Bronze On Exchange Plan",63.07%,,Yes,Yes,No,100%,,,,,,,,,,,,,,,,,,"$9,200 ","$9200 per person | $18400 per group",,,"Not Applicable","per person not applicable | per group not applicable","Not Applicable","per person not applicable | per group not applicable",,,,,,,,,,,,,,,,,,,,,"$3,000 ","$3000 per person | $6000 per group",50.00%,,,,"Not Applicable","per person not applicable | per group not applicable","Not Applicable","per person not applicable | per group not applicable","$2,000 ","$1,100 ","$0 ","$10 ","$2,000 ","$400 ","$2,000 ","$60 ",99%,"Not Applicable",No,"IHC Bronze EPO Local Value $50/$75 ","$1,900 ","$0 ","$0 ","$0 "
2025,NJ,,91762,SERFF,1,1/13/2025,,Individual,No,,91762NJ0070104,"IHC Bronze EPO Local Value $50/$75 ",91762NJ007,,NJN002,NJS002,NJF015,Existing,EPO,"Expanded Bronze",Yes,Both,Yes,No,,,No,,,"Allows Adult and Child-Only",,Yes,"Pregnancy, High Blood Pressure & High Cholesterol, Weight Loss Programs, Diabetes, Heart Disease, Asthma",,,,,,,1/1/2025,,No,,Yes,"Services are available in Hunterdon County.
Emergency Care is covered outside of the service area.",No,,,,,91762NJ0070104-02,"Zero Cost Sharing Plan Variation",100.00%,,Yes,Yes,No,100%,,,,,,,,,,,,,,,,,,"$0 ","$0 per person | $0 per group",,,"Not Applicable","per person not applicable | per group not applicable","Not Applicable","per person not applicable | per group not applicable",,,,,,,,,,,,,,,,,,,,,"$0 ","$0 per person | $0 per group",0.00%,,,,"Not Applicable","per person not applicable | per group not applicable","Not Applicable","per person not applicable | per group not applicable","$0 ","$0 ","$0 ","$10 ","$0 ","$0 ","$0 ","$60 ",99%,"Not Applicable",No,"IHC Bronze EPO Local Value Zero Dollar ","$0 ","$0 ","$0 ","$0 "
2025,NJ,,91762,SERFF,1,1/13/2025,,Individual,No,,91762NJ0070104,"IHC Bronze EPO Local Value $50/$75 ",91762NJ007,,NJN002,NJS002,NJF015,Existing,EPO,"Expanded Bronze",Yes,Both,Yes,No,,,No,,,"Allows Adult and Child-Only",,Yes,"Pregnancy, High Blood Pressure & High Cholesterol, Weight Loss Programs, Diabetes, Heart Disease, Asthma",,,,,,,1/1/2025,,No,,Yes,"Services are available in Hunterdon County.
Emergency Care is covered outside of the service area.",No,,,,,91762NJ0070104-03,"Limited Cost Sharing Plan Variation",63.07%,,Yes,Yes,No,100%,,,,,,,,,,,,,,,,,,"$9,200 ","$9200 per person | $18400 per group",,,"Not Applicable","per person not applicable | per group not applicable","Not Applicable","per person not applicable | per group not applicable",,,,,,,,,,,,,,,,,,,,,"$3,000 ","$3000 per person | $6000 per group",50.00%,,,,"Not Applicable","per person not applicable | per group not applicable","Not Applicable","per person not applicable | per group not applicable","$0 ","$0 ","$0 ","$10 ","$0 ","$0 ","$0 ","$60 ",99%,"Not Applicable",No,"IHC Bronze EPO Local Value $50/$75 Limited","$0 ","$0 ","$0 ","$0 "
2025,NJ,,91762,SERFF,1,1/13/2025,,Individual,No,,91762NJ0070105,"IHC Bronze EPO HSA Local Value 50%/50% ",91762NJ007,,NJN002,NJS002,NJF018,Existing,EPO,"Expanded Bronze",No,Both,Yes,No,,,Yes,,,"Allows Adult and Child-Only",,Yes,"Pregnancy, High Blood Pressure & High Cholesterol, Weight Loss Programs, Diabetes, Heart Disease, Asthma",,,,,,,1/1/2025,,No,,Yes,"Services are available in Hunterdon County.
Emergency Care is covered outside of the service area.",No,,,,,91762NJ0070105-01,"Standard Bronze On Exchange Plan",,0.620644552,Yes,Yes,No,100%,,,,,,,,,,,,,,,,,,"$8,300 ","$8300 per person | $16600 per group",,,"Not Applicable","per person not applicable | per group not applicable","Not Applicable","per person not applicable | per group not applicable",,,,,,,,,,,,,,,,,,,,,"$6,000 ","$6000 per person | $12000 per group",50.00%,,,,"Not Applicable","per person not applicable | per group not applicable","Not Applicable","per person not applicable | per group not applicable","$2,500 ","$30 ","$900 ","$200 ","$2,500 ","$1,300 ","$40 ","$60 ",99%,"Not Applicable",No,"IHC Bronze EPO HSA Local Value 50%/50% ","$1,900 ","$0 ","$0 ","$30 "
2025,NJ,,91762,SERFF,1,1/13/2025,,Individual,No,,91762NJ0070105,"IHC Bronze EPO HSA Local Value 50%/50% ",91762NJ007,,NJN002,NJS002,NJF018,Existing,EPO,"Expanded Bronze",No,Both,Yes,No,,,No,,,"Allows Adult and Child-Only",,Yes,"Pregnancy, High Blood Pressure & High Cholesterol, Weight Loss Programs, Diabetes, Heart Disease, Asthma",,,,,,,1/1/2025,,No,,Yes,"Services are available in Hunterdon County.
Emergency Care is covered outside of the service area.",No,,,,,91762NJ0070105-02,"Zero Cost Sharing Plan Variation",,1,Yes,Yes,No,100%,,,,,,,,,,,,,,,,,,"$0 ","$0 per person | $0 per group",,,"Not Applicable","per person not applicable | per group not applicable","Not Applicable","per person not applicable | per group not applicable",,,,,,,,,,,,,,,,,,,,,"$0 ","$0 per person | $0 per group",0.00%,,,,"Not Applicable","per person not applicable | per group not applicable","Not Applicable","per person not applicable | per group not applicable","$0 ","$0 ","$0 ","$10 ","$0 ","$0 ","$0 ","$60 ",99%,"Not Applicable",No,"IHC Bronze EPO Local Value Zero Dollar","$0 ","$0 ","$0 ","$0 "
2025,NJ,,91762,SERFF,1,1/13/2025,,Individual,No,,91762NJ0070105,"IHC Bronze EPO HSA Local Value 50%/50% ",91762NJ007,,NJN002,NJS002,NJF018,Existing,EPO,"Expanded Bronze",No,Both,Yes,No,,,No,,,"Allows Adult and Child-Only",,Yes,"Pregnancy, High Blood Pressure & High Cholesterol, Weight Loss Programs, Diabetes, Heart Disease, Asthma",,,,,,,1/1/2025,,No,,Yes,"Services are available in Hunterdon County.
Emergency Care is covered outside of the service area.",No,,,,,91762NJ0070105-03,"Limited Cost Sharing Plan Variation",,0.620644552,Yes,Yes,No,100%,,,,,,,,,,,,,,,,,,"$8,300 ","$8300 per person | $16600 per group",,,"Not Applicable","per person not applicable | per group not applicable","Not Applicable","per person not applicable | per group not applicable",,,,,,,,,,,,,,,,,,,,,"$6,000 ","$6000 per person | $12000 per group",50.00%,,,,"Not Applicable","per person not applicable | per group not applicable","Not Applicable","per person not applicable | per group not applicable","$2,500 ","$30 ","$900 ","$200 ","$2,500 ","$1,300 ","$40 ","$60 ",99%,"Not Applicable",No,"IHC Bronze EPO Local Value 50%/50% Limited","$1,900 ","$0 ","$0 ","$30 "
2025,NJ,,91762,SERFF,1,1/13/2025,,Individual,No,,91762NJ0070106,"IHC Silver EPO AmeriHealth Advantage $45/40%",91762NJ007,,NJN003,NJS003,NJF009,Existing,EPO,Silver,No,Both,Yes,No,,,No,,,"Allows Adult and Child-Only",,Yes,"Pregnancy, High Blood Pressure & High Cholesterol, Weight Loss Programs, Diabetes, Heart Disease, Asthma",,,,,,,1/1/2025,,No,,Yes,"Services are available Statewide.
Emergency Care is covered outside of the service area.",No,,,,,91762NJ0070106-01,"Standard Silver On Exchange Plan",,0.700175137,Yes,Yes,Yes,60%,40%,,,,,,,,,,,,,,,,,"$7,900 ","$7900 per person | $15800 per group","$7,900 ","$7900 per person | $15800 per group","Not Applicable","per person not applicable | per group not applicable","Not Applicable","per person not applicable | per group not applicable",,,,,,,,,,,,,,,,,,,,,"$2,500 ","$2500 per person | $5000 per group",40.00%,"$2,500 ","$2500 per person | $5000 per group",50.00%,"Not Applicable","per person not applicable | per group not applicable","Not Applicable","per person not applicable | per group not applicable","$2,000 ","$30 ","$2,000 ","$10 ","$2,000 ","$400 ","$2,000 ","$60 ",99%,"Not Applicable",No,"IHC Silver EPO AmeriHealth Advantage $45/40%","$1,900 ","$0 ","$0 ","$0 "
2025,NJ,,91762,SERFF,1,1/13/2025,,Individual,No,,91762NJ0070106,"IHC Silver EPO AmeriHealth Advantage $45/40%",91762NJ007,,NJN003,NJS003,NJF009,Existing,EPO,Silver,No,Both,Yes,No,,,No,,,"Allows Adult and Child-Only",,Yes,"Pregnancy, High Blood Pressure & High Cholesterol, Weight Loss Programs, Diabetes, Heart Disease, Asthma",,,,,,,1/1/2025,,No,,Yes,"Services are available Statewide.
Emergency Care is covered outside of the service area.",No,,,,,91762NJ0070106-02,"Zero Cost Sharing Plan Variation",,1,Yes,Yes,Yes,60%,40%,,,,,,,,,,,,,,,,,"$0 ","$0 per person | $0 per group","$0 ","$0 per person | $0 per group","Not Applicable","per person not applicable | per group not applicable","Not Applicable","per person not applicable | per group not applicable",,,,,,,,,,,,,,,,,,,,,"$0 ","$0 per person | $0 per group",0.00%,"$0 ","$0 per person | $0 per group",0.00%,"Not Applicable","per person not applicable | per group not applicable","Not Applicable","per person not applicable | per group not applicable","$0 ","$0 ","$0 ","$10 ","$0 ","$0 ","$0 ","$60 ",99%,"Not Applicable",No,"IHC Silver EPO AmeriHealth Advantage Zero Dollar","$0 ","$0 ","$0 ","$0 "
2025,NJ,,91762,SERFF,1,1/13/2025,,Individual,No,,91762NJ0070106,"IHC Silver EPO AmeriHealth Advantage $45/40%",91762NJ007,,NJN003,NJS003,NJF009,Existing,EPO,Silver,No,Both,Yes,No,,,No,,,"Allows Adult and Child-Only",,Yes,"Pregnancy, High Blood Pressure & High Cholesterol, Weight Loss Programs, Diabetes, Heart Disease, Asthma",,,,,,,1/1/2025,,No,,Yes,"Services are available Statewide.
Emergency Care is covered outside of the service area.",No,,,,,91762NJ0070106-03,"Limited Cost Sharing Plan Variation",,0.700175137,Yes,Yes,Yes,60%,40%,,,,,,,,,,,,,,,,,"$7,900 ","$7900 per person | $15800 per group","$7,900 ","$7900 per person | $15800 per group","Not Applicable","per person not applicable | per group not applicable","Not Applicable","per person not applicable | per group not applicable",,,,,,,,,,,,,,,,,,,,,"$2,500 ","$2500 per person | $5000 per group",40.00%,"$2,500 ","$2500 per person | $5000 per group",50.00%,"Not Applicable","per person not applicable | per group not applicable","Not Applicable","per person not applicable | per group not applicable","$0 ","$0 ","$0 ","$10 ","$0 ","$0 ","$0 ","$60 ",99%,"Not Applicable",No,"IHC Silver EPO AmeriHealth Advantage $45/40% Limited","$0 ","$0 ","$0 ","$0 "
2025,NJ,,91762,SERFF,1,1/13/2025,,Individual,No,,91762NJ0070106,"IHC Silver EPO AmeriHealth Advantage $45/40%",91762NJ007,,NJN003,NJS003,NJF009,Existing,EPO,Silver,No,Both,Yes,No,,,No,,,"Allows Adult and Child-Only",,Yes,"Pregnancy, High Blood Pressure & High Cholesterol, Weight Loss Programs, Diabetes, Heart Disease, Asthma",,,,,,,1/1/2025,,No,,Yes,"Services are available Statewide.
Emergency Care is covered outside of the service area.",No,,,,,91762NJ0070106-04,"73% AV Level Silver Plan",,0.735060965,Yes,Yes,Yes,60%,40%,,,,,,,,,,,,,,,,,"$6,900 ","$6900 per person | $13800 per group","$6,900 ","$6900 per person | $13800 per group","Not Applicable","per person not applicable | per group not applicable","Not Applicable","per person not applicable | per group not applicable",,,,,,,,,,,,,,,,,,,,,"$2,000 ","$2000 per person | $4000 per group",20.00%,"$2,000 ","$2000 per person | $4000 per group",40.00%,"Not Applicable","per person not applicable | per group not applicable","Not Applicable","per person not applicable | per group not applicable","$1,500 ","$30 ","$2,100 ","$10 ","$1,500 ","$400 ","$2,200 ","$60 ",99%,"Not Applicable",No,"IHC Silver EPO AmeriHealth Advantage $20/20%","$1,500 ","$200 ","$50 ","$0 "
2025,NJ,,91762,SERFF,1,1/13/2025,,Individual,No,,91762NJ0070106,"IHC Silver EPO AmeriHealth Advantage $45/40%",91762NJ007,,NJN003,NJS003,NJF009,Existing,EPO,Silver,No,Both,Yes,No,,,No,,,"Allows Adult and Child-Only",,Yes,"Pregnancy, High Blood Pressure & High Cholesterol, Weight Loss Programs, Diabetes, Heart Disease, Asthma",,,,,,,1/1/2025,,No,,Yes,"Services are available Statewide.
Emergency Care is covered outside of the service area.",No,,,,,91762NJ0070106-05,"87% AV Level Silver Plan",,0.877990447,Yes,Yes,Yes,60%,40%,,,,,,,,,,,,,,,,,"$2,000 ","$2000 per person | $4000 per group","$2,000 ","$2000 per person | $4000 per group","Not Applicable","per person not applicable | per group not applicable","Not Applicable","per person not applicable | per group not applicable",,,,,,,,,,,,,,,,,,,,,"$800 ","$800 per person | $1600 per group",20.00%,"$800 ","$800 per person | $1600 per group",40.00%,"Not Applicable","per person not applicable | per group not applicable","Not Applicable","per person not applicable | per group not applicable","$200 ","$30 ","$1,200 ","$10 ","$200 ","$400 ","$2,100 ","$60 ",99%,"Not Applicable",No,"IHC Silver EPO AmeriHealth Advantage $15/20%","$200 ","$200 ","$300 ","$0 "
2025,NJ,,91762,SERFF,1,1/13/2025,,Individual,No,,91762NJ0070106,"IHC Silver EPO AmeriHealth Advantage $45/40%",91762NJ007,,NJN003,NJS003,NJF009,Existing,EPO,Silver,No,Both,Yes,No,,,No,,,"Allows Adult and Child-Only",,Yes,"Pregnancy, High Blood Pressure & High Cholesterol, Weight Loss Programs, Diabetes, Heart Disease, Asthma",,,,,,,1/1/2025,,No,,Yes,"Services are available Statewide.
Emergency Care is covered outside of the service area.",No,,,,,91762NJ0070106-06,"94% AV Level Silver Plan",,0.949830364,Yes,Yes,Yes,60%,40%,,,,,,,,,,,,,,,,,"$650 ","$650 per person | $1300 per group","$650 ","$650 per person | $1300 per group","Not Applicable","per person not applicable | per group not applicable","Not Applicable","per person not applicable | per group not applicable",,,,,,,,,,,,,,,,,,,,,"$200 ","$200 per person | $400 per group",20.00%,"$200 ","$200 per person | $400 per group",40.00%,"Not Applicable","per person not applicable | per group not applicable","Not Applicable","per person not applicable | per group not applicable","$50 ","$0 ","$1,000 ","$10 ","$50 ","$100 ","$800 ","$60 ",99%,"Not Applicable",No,"IHC Silver EPO AmeriHealth Advantage $10/20%","$50 ","$100 ","$300 ","$0 "
2025,NJ,,91762,SERFF,1,1/13/2025,,Individual,No,,91762NJ0070107,"IHC Silver EPO AmeriHealth Hospital Advantage $50/$75 ",91762NJ007,,NJN002,NJS002,NJF009,New,EPO,Silver,No,Both,Yes,No,,,No,,,"Allows Adult and Child-Only",,Yes,"Pregnancy, High Blood Pressure & High Cholesterol, Weight Loss Programs, Diabetes, Heart Disease, Asthma",,,,,,,1/1/2025,,No,,Yes,"Services are available in Hunterdon County.
Emergency Care is covered outside of the service area.",No,,,,,91762NJ0070107-01,"Standard Silver On Exchange Plan",,0.700044851,Yes,Yes,Yes,80%,20%,,,,,,,,,,,,,,,,,"$7,900 ","$7900 per person | $15800 per group","$7,900 ","$7900 per person | $15800 per group","Not Applicable","per person not applicable | per group not applicable","Not Applicable","per person not applicable | per group not applicable",,,,,,,,,,,,,,,,,,,,,"$2,500 ","$2500 per person | $5000 per group",50.00%,"$2,500 ","$2500 per person | $5000 per group",50.00%,"Not Applicable","per person not applicable | per group not applicable","Not Applicable","per person not applicable | per group not applicable","$2,000 ","$30 ","$2,000 ","$10 ","$2,000 ","$400 ","$2,000 ","$60 ",99%,"Not Applicable",No,"IHC Silver EPO AmeriHealth Hospital Advantage $50/$75 ","$1,900 ","$0 ","$0 ","$0 "
2025,NJ,,91762,SERFF,1,1/13/2025,,Individual,No,,91762NJ0070107,"IHC Silver EPO AmeriHealth Hospital Advantage $50/$75 ",91762NJ007,,NJN002,NJS002,NJF009,New,EPO,Silver,No,Both,Yes,No,,,No,,,"Allows Adult and Child-Only",,Yes,"Pregnancy, High Blood Pressure & High Cholesterol, Weight Loss Programs, Diabetes, Heart Disease, Asthma",,,,,,,1/1/2025,,No,,Yes,"Services are available in Hunterdon County.
Emergency Care is covered outside of the service area.",No,,,,,91762NJ0070107-02,"Zero Cost Sharing Plan Variation",,1,Yes,Yes,Yes,80%,20%,,,,,,,,,,,,,,,,,"$0 ","$0 per person | $0 per group","$0 ","$0 per person | $0 per group","Not Applicable","per person not applicable | per group not applicable","Not Applicable","per person not applicable | per group not applicable",,,,,,,,,,,,,,,,,,,,,"$0 ","$0 per person | $0 per group",0.00%,"$0 ","$0 per person | $0 per group",0.00%,"Not Applicable","per person not applicable | per group not applicable","Not Applicable","per person not applicable | per group not applicable","$0 ","$0 ","$0 ","$10 ","$0 ","$0 ","$0 ","$60 ",99%,"Not Applicable",No,"IHC Silver EPO AmeriHealth Hospital Advantage Zero Dollar","$0 ","$0 ","$0 ","$0 "
2025,NJ,,91762,SERFF,1,1/13/2025,,Individual,No,,91762NJ0070107,"IHC Silver EPO AmeriHealth Hospital Advantage $50/$75 ",91762NJ007,,NJN002,NJS002,NJF009,New,EPO,Silver,No,Both,Yes,No,,,No,,,"Allows Adult and Child-Only",,Yes,"Pregnancy, High Blood Pressure & High Cholesterol, Weight Loss Programs, Diabetes, Heart Disease, Asthma",,,,,,,1/1/2025,,No,,Yes,"Services are available in Hunterdon County.
Emergency Care is covered outside of the service area.",No,,,,,91762NJ0070107-03,"Limited Cost Sharing Plan Variation",,0.700044851,Yes,Yes,Yes,80%,20%,,,,,,,,,,,,,,,,,"$7,900 ","$7900 per person | $15800 per group","$7,900 ","$7900 per person | $15800 per group","Not Applicable","per person not applicable | per group not applicable","Not Applicable","per person not applicable | per group not applicable",,,,,,,,,,,,,,,,,,,,,"$2,500 ","$2500 per person | $5000 per group",50.00%,"$2,500 ","$2500 per person | $5000 per group",50.00%,"Not Applicable","per person not applicable | per group not applicable","Not Applicable","per person not applicable | per group not applicable","$2,000 ","$30 ","$2,000 ","$10 ","$2,000 ","$400 ","$2,000 ","$60 ",99%,"Not Applicable",No,"IHC Silver EPO AmeriHealth Hospital Advantage $50/$75 Limited","$1,900 ","$0 ","$0 ","$0 "
2025,NJ,,91762,SERFF,1,1/13/2025,,Individual,No,,91762NJ0070107,"IHC Silver EPO AmeriHealth Hospital Advantage $50/$75 ",91762NJ007,,NJN002,NJS002,NJF009,New,EPO,Silver,No,Both,Yes,No,,,No,,,"Allows Adult and Child-Only",,Yes,"Pregnancy, High Blood Pressure & High Cholesterol, Weight Loss Programs, Diabetes, Heart Disease, Asthma",,,,,,,1/1/2025,,No,,Yes,"Services are available in Hunterdon County.
Emergency Care is covered outside of the service area.",No,,,,,91762NJ0070107-04,"73% AV Level Silver Plan",,0.73123934,Yes,Yes,Yes,80%,20%,,,,,,,,,,,,,,,,,"$7,000 ","$7000 per person | $14000 per group","$7,000 ","$7000 per person | $14000 per group","Not Applicable","per person not applicable | per group not applicable","Not Applicable","per person not applicable | per group not applicable",,,,,,,,,,,,,,,,,,,,,"$2,500 ","$2500 per person | $5000 per group",50.00%,"$2,500 ","$2500 per person | $5000 per group",50.00%,"Not Applicable","per person not applicable | per group not applicable","Not Applicable","per person not applicable | per group not applicable","$2,000 ","$30 ","$2,000 ","$10 ","$2,000 ","$400 ","$2,000 ","$60 ",99%,"Not Applicable",No,"IHC Silver EPO AmeriHealth Hospital Advantage $30/$50","$1,900 ","$0 ","$0 ","$0 "
2025,NJ,,91762,SERFF,1,1/13/2025,,Individual,No,,91762NJ0070107,"IHC Silver EPO AmeriHealth Hospital Advantage $50/$75 ",91762NJ007,,NJN002,NJS002,NJF009,New,EPO,Silver,No,Both,Yes,No,,,No,,,"Allows Adult and Child-Only",,Yes,"Pregnancy, High Blood Pressure & High Cholesterol, Weight Loss Programs, Diabetes, Heart Disease, Asthma",,,,,,,1/1/2025,,No,,Yes,"Services are available in Hunterdon County.
Emergency Care is covered outside of the service area.",No,,,,,91762NJ0070107-05,"87% AV Level Silver Plan",,0.875970186,Yes,Yes,Yes,80%,20%,,,,,,,,,,,,,,,,,"$2,500 ","$2500 per person | $5000 per group","$2,500 ","$2500 per person | $5000 per group","Not Applicable","per person not applicable | per group not applicable","Not Applicable","per person not applicable | per group not applicable",,,,,,,,,,,,,,,,,,,,,"$500 ","$500 per person | $1000 per group",50.00%,"$500 ","$500 per person | $1000 per group",50.00%,"Not Applicable","per person not applicable | per group not applicable","Not Applicable","per person not applicable | per group not applicable","$2,000 ","$30 ","$2,000 ","$10 ","$2,000 ","$400 ","$2,000 ","$60 ",99%,"Not Applicable",No,"IHC Silver EPO AmeriHealth Hospital Advantage $20/$40","$1,900 ","$0 ","$0 ","$0 "
2025,NJ,,91762,SERFF,1,1/13/2025,,Individual,No,,91762NJ0070107,"IHC Silver EPO AmeriHealth Hospital Advantage $50/$75 ",91762NJ007,,NJN002,NJS002,NJF009,New,EPO,Silver,No,Both,Yes,No,,,No,,,"Allows Adult and Child-Only",,Yes,"Pregnancy, High Blood Pressure & High Cholesterol, Weight Loss Programs, Diabetes, Heart Disease, Asthma",,,,,,,1/1/2025,,No,,Yes,"Services are available in Hunterdon County.
Emergency Care is covered outside of the service area.",No,,,,,91762NJ0070107-06,"94% AV Level Silver Plan",,0.947587627,Yes,Yes,Yes,80%,20%,,,,,,,,,,,,,,,,,"$800 ","$800 per person | $1600 per group","$800 ","$800 per person | $1600 per group","Not Applicable","per person not applicable | per group not applicable","Not Applicable","per person not applicable | per group not applicable",,,,,,,,,,,,,,,,,,,,,"$200 ","$200 per person | $400 per group",50.00%,"$200 ","$200 per person | $400 per group",50.00%,"Not Applicable","per person not applicable | per group not applicable","Not Applicable","per person not applicable | per group not applicable","$2,000 ","$30 ","$2,000 ","$10 ","$2,000 ","$400 ","$2,000 ","$60 ",99%,"Not Applicable",No,"IHC Silver EPO AmeriHealth Hospital Advantage $10/$20","$1,900 ","$0 ","$0 ","$0 "
2025,NJ,,91762,SERFF,1,1/13/2025,,Individual,No,,91762NJ0070110,"IHC Silver EPO HSA Regional Preferred $50/$75",91762NJ007,,NJN001,NJS001,NJF002,New,EPO,Silver,No,Both,Yes,No,,,Yes,,,"Allows Adult and Child-Only",,Yes,"Pregnancy, High Blood Pressure & High Cholesterol, Weight Loss Programs, Diabetes, Heart Disease, Asthma",,,,5,,,1/1/2025,,No,,Yes,"Emergency Care is covered outside of the service area.",No,,,,,91762NJ0070110-01,"Standard Silver On Exchange Plan",,0.709820609,Yes,Yes,No,100%,,,,,,,,,,,,,,,,,,"$7,500 ","$7500 per person | $15000 per group",,,"Not Applicable","per person not applicable | per group not applicable","Not Applicable","per person not applicable | per group not applicable",,,,,,,,,,,,,,,,,,,,,"$2,500 ","$5000 per person | $5000 per group",50.00%,,,,"Not Applicable","per person not applicable | per group not applicable","Not Applicable","per person not applicable | per group not applicable","$2,000 ","$1,100 ","$0 ","$10 ","$2,000 ","$400 ","$2,000 ","$60 ",99%,"Not Applicable",No,"IHC Silver EPO HSA Regional Preferred $50/$75","$1,900 ","$0 ","$0 ","$0 "
2025,NJ,,91762,SERFF,1,1/13/2025,,Individual,No,,91762NJ0070110,"IHC Silver EPO HSA Regional Preferred $50/$75",91762NJ007,,NJN001,NJS001,NJF002,New,EPO,Silver,No,Both,Yes,No,,,No,,,"Allows Adult and Child-Only",,Yes,"Pregnancy, High Blood Pressure & High Cholesterol, Weight Loss Programs, Diabetes, Heart Disease, Asthma",,,,5,,,1/1/2025,,No,,Yes,"Emergency Care is covered outside of the service area.",No,,,,,91762NJ0070110-02,"Zero Cost Sharing Plan Variation",,1,Yes,Yes,No,100%,,,,,,,,,,,,,,,,,,"$0 ","$0 per person | $0 per group",,,"Not Applicable","per person not applicable | per group not applicable","Not Applicable","per person not applicable | per group not applicable",,,,,,,,,,,,,,,,,,,,,"$0 ","$0 per person | $0 per group",0.00%,,,,"Not Applicable","per person not applicable | per group not applicable","Not Applicable","per person not applicable | per group not applicable","$0 ","$0 ","$0 ","$10 ","$0 ","$0 ","$0 ","$60 ",99%,"Not Applicable",No,"IHC Silver EPO Regional Preferred Zero Dollar","$0 ","$0 ","$0 ","$0 "
2025,NJ,,91762,SERFF,1,1/13/2025,,Individual,No,,91762NJ0070110,"IHC Silver EPO HSA Regional Preferred $50/$75",91762NJ007,,NJN001,NJS001,NJF002,New,EPO,Silver,No,Both,Yes,No,,,No,,,"Allows Adult and Child-Only",,Yes,"Pregnancy, High Blood Pressure & High Cholesterol, Weight Loss Programs, Diabetes, Heart Disease, Asthma",,,,5,,,1/1/2025,,No,,Yes,"Emergency Care is covered outside of the service area.",No,,,,,91762NJ0070110-03,"Limited Cost Sharing Plan Variation",,0.709820609,Yes,Yes,No,100%,,,,,,,,,,,,,,,,,,"$7,500 ","$7500 per person | $15000 per group",,,"Not Applicable","per person not applicable | per group not applicable","Not Applicable","per person not applicable | per group not applicable",,,,,,,,,,,,,,,,,,,,,"$2,500 ","$5000 per person | $5000 per group",50.00%,,,,"Not Applicable","per person not applicable | per group not applicable","Not Applicable","per person not applicable | per group not applicable","$0 ","$0 ","$0 ","$10 ","$0 ","$0 ","$0 ","$60 ",99%,"Not Applicable",No,"IHC Silver EPO Regional Preferred $50/$75 Limited","$0 ","$0 ","$0 ","$0 "
2025,NJ,,91762,SERFF,1,1/13/2025,,Individual,No,,91762NJ0070110,"IHC Silver EPO HSA Regional Preferred $50/$75",91762NJ007,,NJN001,NJS001,NJF002,New,EPO,Silver,No,Both,Yes,No,,,Yes,,,"Allows Adult and Child-Only",,Yes,"Pregnancy, High Blood Pressure & High Cholesterol, Weight Loss Programs, Diabetes, Heart Disease, Asthma",,,,5,,,1/1/2025,,No,,Yes,"Emergency Care is covered outside of the service area.",No,,,,,91762NJ0070110-04,"73% AV Level Silver Plan",,0.730926165,Yes,Yes,No,100%,,,,,,,,,,,,,,,,,,"$7,200 ","$7200 per person | $14400 per group",,,"Not Applicable","per person not applicable | per group not applicable","Not Applicable","per person not applicable | per group not applicable",,,,,,,,,,,,,,,,,,,,,"$2,000 ","$4000 per person | $4000 per group",30.00%,,,,"Not Applicable","per person not applicable | per group not applicable","Not Applicable","per person not applicable | per group not applicable","$1,500 ","$1,100 ","$0 ","$10 ","$1,500 ","$400 ","$2,200 ","$60 ",99%,"Not Applicable",No,"IHC Silver EPO HSA Regional Preferred $40/$60","$1,500 ","$200 ","$40 ","$0 "
2025,NJ,,91762,SERFF,1,1/13/2025,,Individual,No,,91762NJ0070110,"IHC Silver EPO HSA Regional Preferred $50/$75",91762NJ007,,NJN001,NJS001,NJF002,New,EPO,Silver,No,Both,Yes,No,,,No,,,"Allows Adult and Child-Only",,Yes,"Pregnancy, High Blood Pressure & High Cholesterol, Weight Loss Programs, Diabetes, Heart Disease, Asthma",,,,5,,,1/1/2025,,No,,Yes,"Emergency Care is covered outside of the service area.",No,,,,,91762NJ0070110-05,"87% AV Level Silver Plan",,0.876252562,Yes,Yes,No,100%,,,,,,,,,,,,,,,,,,"$2,600 ","$2600 per person | $5200 per group",,,"Not Applicable","per person not applicable | per group not applicable","Not Applicable","per person not applicable | per group not applicable",,,,,,,,,,,,,,,,,,,,,"$450 ","$450 per person | $900 per group",20.00%,,,,"Not Applicable","per person not applicable | per group not applicable","Not Applicable","per person not applicable | per group not applicable","$250 ","$800 ","$0 ","$10 ","$250 ","$400 ","$2,000 ","$60 ",99%,"Not Applicable",No,"IHC Silver EPO Regional Preferred $30/$50","$250 ","$300 ","$200 ","$0 "
2025,NJ,,91762,SERFF,1,1/13/2025,,Individual,No,,91762NJ0070110,"IHC Silver EPO HSA Regional Preferred $50/$75",91762NJ007,,NJN001,NJS001,NJF002,New,EPO,Silver,No,Both,Yes,No,,,No,,,"Allows Adult and Child-Only",,Yes,"Pregnancy, High Blood Pressure & High Cholesterol, Weight Loss Programs, Diabetes, Heart Disease, Asthma",,,,5,,,1/1/2025,,No,,Yes,"Emergency Care is covered outside of the service area.",No,,,,,91762NJ0070110-06,"94% AV Level Silver Plan",,0.949387527,Yes,Yes,No,100%,,,,,,,,,,,,,,,,,,"$1,000 ","$1000 per person | $2000 per group",,,"Not Applicable","per person not applicable | per group not applicable","Not Applicable","per person not applicable | per group not applicable",,,,,,,,,,,,,,,,,,,,,"$50 ","$50 per person | $100 per group",10.00%,,,,"Not Applicable","per person not applicable | per group not applicable","Not Applicable","per person not applicable | per group not applicable","$50 ","$500 ","$0 ","$10 ","$50 ","$100 ","$1,000 ","$60 ",99%,"Not Applicable",No,"IHC Silver EPO Regional Preferred $5/$20","$50 ","$100 ","$300 ","$0 "
2025,NJ,,93627,SERFF,1,1/13/2025,,Individual,Yes,,93627NJ0140006,"Guardian Essentials for Families and Individuals ",93627NJ014,,NJN002,NJS001,,New,PPO,Low,,Both,,,,,,,,"Allows Adult and Child-Only",,No,,100%,"Guaranteed Rate",,,,,1/1/2025,12/31/2025,No,,Yes,"Coverage is provided outside of the service area.",Yes,,,,,93627NJ0140006-01,"Standard Low On Exchange Plan",,,,,No,100%,,"$425 ","$425 per person | $850 per group",,,"Not Applicable","per person not applicable | per group not applicable","Not Applicable","per person not applicable | per group not applicable",,,,,,,,,,,,,,,,,"$60 ","$60 per person | per group not applicable",,,,,"$120 ","$120 per person | per group not applicable","Not Applicable","per person not applicable | per group not applicable",,,,,,,,,,,,,,,,,,,,,,,,,,,,,,,No,"Guardian Essentials for Families and Individuals ",,,,
2025,NJ,,93627,SERFF,1,1/13/2025,,Individual,Yes,,93627NJ0150006,"Guardian Select for Families and Individuals ",93627NJ015,,NJN002,NJS001,,New,PPO,Low,,Both,,,,,,,,"Allows Adult and Child-Only",,No,,100%,"Guaranteed Rate",,,,,1/1/2025,12/31/2025,No,,Yes,"Coverage is provided outside of the service area.",Yes,,,,,93627NJ0150006-01,"Standard Low On Exchange Plan",,,,,No,100%,,"$425 ","$425 per person | $850 per group",,,"Not Applicable","per person not applicable | per group not applicable","Not Applicable","per person not applicable | per group not applicable",,,,,,,,,,,,,,,,,"$60 ","$60 per person | per group not applicable",,,,,"$120 ","$120 per person | per group not applicable","Not Applicable","per person not applicable | per group not applicable",,,,,,,,,,,,,,,,,,,,,,,,,,,,,,,No,"Guardian Select for Families and Individuals ",,,,
2025,NJ,,93627,SERFF,1,1/13/2025,,Individual,Yes,,93627NJ0170005,"Guardian Perferred for Families and Individuls",93627NJ017,,NJN002,NJS001,,New,PPO,Low,,Both,,,,,,,,"Allows Adult and Child-Only",,No,,100%,"Guaranteed Rate",,,,,1/1/2025,12/31/2025,No,,Yes,"Coverage is provided outside of the Service Area.",Yes,,,,,93627NJ0170005-01,"Standard Low On Exchange Plan",,,,,No,100%,,"$425 ","$425 per person | $850 per group",,,"Not Applicable","per person not applicable | per group not applicable","Not Applicable","per person not applicable | per group not applicable",,,,,,,,,,,,,,,,,"$60 ","$60 per person | per group not applicable",,,,,"Not Applicable","per person not applicable | per group not applicable","Not Applicable","per person not applicable | per group not applicable",,,,,,,,,,,,,,,,,,,,,,,,,,,,,,,No,"Guardian Perferred for Families and Individuls",,,,
2025,NJ,,93627,SERFF,1,1/13/2025,,Individual,Yes,,93627NJ0180005,"Guardian Basics for Families and Individuals ",93627NJ018,,NJN002,NJS001,,New,PPO,Low,,Both,,,,,,,,"Allows Adult and Child-Only",,No,,100%,"Guaranteed Rate",,,,,1/1/2025,12/31/2025,No,,Yes,"Coverage is provided outside of the service area.",Yes,,,,,93627NJ0180005-01,"Standard Low On Exchange Plan",,,,,No,100%,,"$425 ","$425 per person | $850 per group",,,"Not Applicable","per person not applicable | per group not applicable","Not Applicable","per person not applicable | per group not applicable",,,,,,,,,,,,,,,,,"$60 ","$60 per person | per group not applicable",,,,,"$120 ","$120 per person | per group not applicable","Not Applicable","per person not applicable | per group not applicable",,,,,,,,,,,,,,,,,,,,,,,,,,,,,,,No,"Guardian Basics for Families and Individuals ",,,,
2025,NJ,,93627,SERFF,1,1/13/2025,,Individual,Yes,,93627NJ0190004,"Guardian Preventive Plus for Families and Individuals ",93627NJ019,,NJN002,NJS001,,New,PPO,Low,,Both,,,,,,,,"Allows Adult and Child-Only",,No,,100%,"Guaranteed Rate",,,,,1/1/2025,12/31/2025,No,,Yes,"Coverage is provided outside of the service area.",Yes,,,,,93627NJ0190004-01,"Standard Low On Exchange Plan",,,,,No,100%,,"$425 ","$425 per person | $850 per group",,,"Not Applicable","per person not applicable | per group not applicable","Not Applicable","per person not applicable | per group not applicable",,,,,,,,,,,,,,,,,"$60 ","$60 per person | per group not applicable",,,,,"$120 ","$120 per person | per group not applicable","Not Applicable","per person not applicable | per group not applicable",,,,,,,,,,,,,,,,,,,,,,,,,,,,,,,No,"Guardian Preventive Plus for Families and Individuals ",,,,
2025,NJ,,99708,SERFF,1,1/13/2025,,Individual,Yes,,99708NJ0120020,"Delta Dental Individual-Basic PPO Pediatric Essential Health Benefit",99708NJ012,,NJN002,NJS001,,Existing,PPO,Low,,Both,,,,,,,,"Allows Child-Only",,No,,100%,"Guaranteed Rate",,,,,1/1/2025,12/31/2025,No,,Yes,"Coverage is available throughout the United States
",Yes,,,,,99708NJ0120020-01,"Standard Low On Exchange Plan",,,,,No,100%,,"$350 ","$350 per person | $700 per group",,,"Not Applicable","per person not applicable | per group not applicable","Not Applicable","per person not applicable | per group not applicable",,,,,,,,,,,,,,,,,"$135 ","$135 per person | $405 per group",,,,,"$135 ","$135 per person | $405 per group","$135 ","$135 per person | $405 per group",,,,,,,,,,,,,,,,,,,,,,,,,,,,,,,No,"Delta Dental Individual-Basic PPO Pediatric Essential Health Benefit",,,,
2025,NJ,,99708,SERFF,1,1/13/2025,,Individual,Yes,,99708NJ0120021,"Delta Dental Individual-Enhanced PPO Pediatric Essential Health Benefit",99708NJ012,,NJN002,NJS001,,Existing,PPO,High,,Both,,,,,,,,"Allows Child-Only",,No,,100%,"Guaranteed Rate",,,,,1/1/2025,12/31/2025,No,,Yes,"Coverage is available throughout the United States
",Yes,,,,,99708NJ0120021-01,"Standard High On Exchange Plan",,,,,No,100%,,"$350 ","$350 per person | $700 per group",,,"Not Applicable","per person not applicable | per group not applicable","Not Applicable","per person not applicable | per group not applicable",,,,,,,,,,,,,,,,,"$35 ","$35 per person | $105 per group",,,,,"$35 ","$35 per person | $105 per group","$35 ","$35 per person | $105 per group",,,,,,,,,,,,,,,,,,,,,,,,,,,,,,,No,"Delta Dental Individual-Enhanced PPO Pediatric Essential Health Benefit",,,,
2025,NJ,,99708,SERFF,1,1/13/2025,,Individual,Yes,,99708NJ0120022,"Delta Dental Individual - Basic Family PPO Plan I",99708NJ012,,NJN002,NJS001,,Existing,PPO,Low,,Both,,,,,,,,"Allows Adult and Child-Only",,No,,100%,"Guaranteed Rate",,,,,1/1/2025,12/31/2025,No,,Yes,"Coverage is available throughout the United States",Yes,,,,,99708NJ0120022-01,"Standard Low On Exchange Plan",,,,,No,100%,,"$350 ","$350 per person | $700 per group",,,"Not Applicable","per person not applicable | per group not applicable","Not Applicable","per person not applicable | per group not applicable",,,,,,,,,,,,,,,,,"$135 ","$135 per person | $405 per group",,,,,"$135 ","$135 per person | $405 per group","Not Applicable","per person not applicable | per group not applicable",,,,,,,,,,,,,,,,,,,,,,,,,,,,,,,No,"Delta Dental Individual - Basic Family PPO Plan I",,,,
2025,NJ,,99708,SERFF,1,1/13/2025,,Individual,Yes,,99708NJ0120023,"Delta Dental Individual - Basic Family PPO Plan II",99708NJ012,,NJN002,NJS001,,Existing,PPO,Low,,Both,,,,,,,,"Allows Adult and Child-Only",,No,,100%,"Guaranteed Rate",,,,,1/1/2025,12/31/2025,No,,Yes,"Coverage is available throughout the United States",Yes,,,,,99708NJ0120023-01,"Standard Low On Exchange Plan",,,,,No,100%,,"$350 ","$350 per person | $700 per group",,,"Not Applicable","per person not applicable | per group not applicable","Not Applicable","per person not applicable | per group not applicable",,,,,,,,,,,,,,,,,"$135 ","$135 per person | $405 per group",,,,,"$135 ","$135 per person | $405 per group","$135 ","$135 per person | $405 per group",,,,,,,,,,,,,,,,,,,,,,,,,,,,,,,No,"Delta Dental Individual - Basic Family PPO Plan II",,,,
2025,NJ,,99708,SERFF,1,1/13/2025,,Individual,Yes,,99708NJ0120024,"Delta Dental Individual - Enhanced Family PPO Plan III",99708NJ012,,NJN002,NJS001,,Existing,PPO,High,,Both,,,,,,,,"Allows Adult and Child-Only",,No,,100%,"Guaranteed Rate",,,,,1/1/2025,12/31/2025,No,,Yes,"Coverage is available throughout the United States",Yes,,,,,99708NJ0120024-01,"Standard High On Exchange Plan",,,,,No,100%,,"$350 ","$350 per person | $700 per group",,,"Not Applicable","per person not applicable | per group not applicable","Not Applicable","per person not applicable | per group not applicable",,,,,,,,,,,,,,,,,"$35 ","$35 per person | $105 per group",,,,,"$35 ","$35 per person | $105 per group","$35 ","$35 per person | $105 per group",,,,,,,,,,,,,,,,,,,,,,,,,,,,,,,No,"Delta Dental Individual - Enhanced Family PPO Plan III",,,,
2025,NJ,,99708,SERFF,1,1/13/2025,,Individual,Yes,,99708NJ0120025,"Delta Dental Individual- Preventive Family PPO Plan",99708NJ012,,NJN002,NJS001,,Existing,PPO,Low,,Both,,,,,,,,"Allows Adult and Child-Only",,No,,100%,"Guaranteed Rate",,,,,1/1/2025,12/31/2025,No,,Yes,"Coverage is available throughout the United States",Yes,,,,,99708NJ0120025-01,"Standard Low On Exchange Plan",,,,,No,100%,,"$350 ","$350 per person | $700 per group",,,"Not Applicable","per person not applicable | per group not applicable","Not Applicable","per person not applicable | per group not applicable",,,,,,,,,,,,,,,,,"$135 ","$135 per person | $405 per group",,,,,"$135 ","$135 per person | $405 per group","Not Applicable","per person not applicable | per group not applicable",,,,,,,,,,,,,,,,,,,,,,,,,,,,,,,No,"Delta Dental Individual- Preventive Family PPO Plan",,,,
